date,ordinal,equity,cash,gross_exposure
2021-01-01,737791.0,100000.0,100000.0,0
2021-01-02,737792.0,100000.0,100000.0,0
2021-01-03,737793.0,100000.0,100000.0,0
2021-01-04,737794.0,100000.0,100000.0,0
2021-01-05,737795.0,100000.0,100000.0,0
2021-01-06,737796.0,100000.0,100000.0,0
2021-01-07,737797.0,100000.0,100000.0,0
2021-01-08,737798.0,100000.0,100000.0,0
2021-01-09,737799.0,100000.0,100000.0,0
2021-01-10,737800.0,100000.0,100000.0,0
2021-01-11,737801.0,100000.0,100000.0,0
2021-01-12,737802.0,100000.0,100000.0,0
2021-01-13,737803.0,100000.0,100000.0,0
2021-01-14,737804.0,100000.0,100000.0,0
2021-01-15,737805.0,100000.0,100000.0,0
2021-01-16,737806.0,100000.0,100000.0,0
2021-01-17,737807.0,100000.0,100000.0,0
2021-01-18,737808.0,100000.0,100000.0,0
2021-01-19,737809.0,100000.0,100000.0,0
2021-01-20,737810.0,100000.0,100000.0,0
2021-01-21,737811.0,100000.0,100000.0,0
2021-01-22,737812.0,100000.0,100000.0,0
2021-01-23,737813.0,100000.0,100000.0,0
2021-01-24,737814.0,100000.0,100000.0,0
2021-01-25,737815.0,100000.0,100000.0,0
2021-01-26,737816.0,100000.0,100000.0,0
2021-01-27,737817.0,100000.0,100000.0,0
2021-01-28,737818.0,100000.0,100000.0,0
2021-01-29,737819.0,100000.0,100000.0,0
2021-01-30,737820.0,100000.0,100000.0,0
2021-01-31,737821.0,100000.0,100000.0,0
2021-02-01,737822.0,100000.0,100000.0,0
2021-02-02,737823.0,100000.0,100000.0,0
2021-02-03,737824.0,100000.0,100000.0,0
2021-02-04,737825.0,100000.0,100000.0,0
2021-02-05,737826.0,100000.0,100000.0,0
2021-02-06,737827.0,100000.0,100000.0,0
2021-02-07,737828.0,100000.0,100000.0,0
2021-02-08,737829.0,100000.0,100000.0,0
2021-02-09,737830.0,100000.0,100000.0,0
2021-02-10,737831.0,100000.0,100000.0,0
2021-02-11,737832.0,100000.0,100000.0,0
2021-02-12,737833.0,100000.0,100000.0,0
2021-02-13,737834.0,100000.0,100000.0,0
2021-02-14,737835.0,100000.0,100000.0,0
2021-02-15,737836.0,100000.0,100000.0,0
2021-02-16,737837.0,100000.0,100000.0,0
2021-02-17,737838.0,100000.0,100000.0,0
2021-02-18,737839.0,100000.0,100000.0,0
2021-02-19,737840.0,100000.0,100000.0,0
2021-02-20,737841.0,100000.0,100000.0,0
2021-02-21,737842.0,100000.0,100000.0,0
2021-02-22,737843.0,100000.0,100000.0,0
2021-02-23,737844.0,100000.0,100000.0,0
2021-02-24,737845.0,100000.0,100000.0,0
2021-02-25,737846.0,100000.0,100000.0,0
2021-02-26,737847.0,100000.0,100000.0,0
2021-02-27,737848.0,100000.0,100000.0,0
2021-02-28,737849.0,100000.0,100000.0,0
2021-03-01,737850.0,100000.0,100000.0,0
2021-03-02,737851.0,100000.0,100000.0,0
2021-03-03,737852.0,100000.0,100000.0,0
2021-03-04,737853.0,100000.0,100000.0,0
2021-03-05,737854.0,100000.0,100000.0,0
2021-03-06,737855.0,100000.0,100000.0,0
2021-03-07,737856.0,100000.0,100000.0,0
2021-03-08,737857.0,100000.0,100000.0,0
2021-03-09,737858.0,100000.0,100000.0,0
2021-03-10,737859.0,100000.0,100000.0,0
2021-03-11,737860.0,100000.0,100000.0,0
2021-03-12,737861.0,100000.0,100000.0,0
2021-03-13,737862.0,100000.0,100000.0,0
2021-03-14,737863.0,100000.0,100000.0,0
2021-03-15,737864.0,100000.0,100000.0,0
2021-03-16,737865.0,100000.0,100000.0,0
2021-03-17,737866.0,100000.0,100000.0,0
2021-03-18,737867.0,100000.0,100000.0,0
2021-03-19,737868.0,100000.0,100000.0,0
2021-03-20,737869.0,100000.0,100000.0,0
2021-03-21,737870.0,100000.0,100000.0,0
2021-03-22,737871.0,100000.0,100000.0,0
2021-03-23,737872.0,100000.0,100000.0,0
2021-03-24,737873.0,100000.0,100000.0,0
2021-03-25,737874.0,100000.0,100000.0,0
2021-03-26,737875.0,100000.0,100000.0,0
2021-03-27,737876.0,100000.0,100000.0,0
2021-03-28,737877.0,100000.0,100000.0,0
2021-03-29,737878.0,100000.0,100000.0,0
2021-03-30,737879.0,100000.0,100000.0,0
2021-03-31,737880.0,100000.0,100000.0,0
2021-04-01,737881.0,100000.0,100000.0,0
2021-04-02,737882.0,100000.0,100000.0,0
2021-04-03,737883.0,100000.0,100000.0,0
2021-04-04,737884.0,100000.0,100000.0,0
2021-04-05,737885.0,100000.0,100000.0,0
2021-04-06,737886.0,100000.0,100000.0,0
2021-04-07,737887.0,100000.0,100000.0,0
2021-04-08,737888.0,100000.0,100000.0,0
2021-04-09,737889.0,100000.0,100000.0,0
2021-04-10,737890.0,100000.0,100000.0,0
2021-04-11,737891.0,100000.0,100000.0,0
2021-04-12,737892.0,100000.0,100000.0,0
2021-04-13,737893.0,100000.0,100000.0,0
2021-04-14,737894.0,100000.0,100000.0,0
2021-04-15,737895.0,100000.0,100000.0,0
2021-04-16,737896.0,100000.0,100000.0,0
2021-04-17,737897.0,100000.0,100000.0,0
2021-04-18,737898.0,100000.0,100000.0,0
2021-04-19,737899.0,100000.0,100000.0,0
2021-04-20,737900.0,100000.0,100000.0,0
2021-04-21,737901.0,100000.0,100000.0,0
2021-04-22,737902.0,100000.0,100000.0,0
2021-04-23,737903.0,100000.0,100000.0,0
2021-04-24,737904.0,100000.0,100000.0,0
2021-04-25,737905.0,100000.0,100000.0,0
2021-04-26,737906.0,100000.0,100000.0,0
2021-04-27,737907.0,100000.0,100000.0,0
2021-04-28,737908.0,100000.0,100000.0,0
2021-04-29,737909.0,100000.0,100000.0,0
2021-04-30,737910.0,100000.0,100000.0,0
2021-05-01,737911.0,100000.0,100000.0,0
2021-05-02,737912.0,100000.0,100000.0,0
2021-05-03,737913.0,100000.0,100000.0,0
2021-05-04,737914.0,100000.0,100000.0,0
2021-05-05,737915.0,100000.0,100000.0,0
2021-05-06,737916.0,100000.0,100000.0,0
2021-05-07,737917.0,100000.0,100000.0,0
2021-05-08,737918.0,100000.0,100000.0,0
2021-05-09,737919.0,100000.0,100000.0,0
2021-05-10,737920.0,100000.0,100000.0,0
2021-05-11,737921.0,100000.0,100000.0,0
2021-05-12,737922.0,100000.0,100000.0,0
2021-05-13,737923.0,100000.0,100000.0,0
2021-05-14,737924.0,100000.0,100000.0,0
2021-05-15,737925.0,100000.0,100000.0,0
2021-05-16,737926.0,100000.0,100000.0,0
2021-05-17,737927.0,100000.0,100000.0,0
2021-05-18,737928.0,100000.0,100000.0,0
2021-05-19,737929.0,100000.0,100000.0,0
2021-05-20,737930.0,100000.0,100000.0,0
2021-05-21,737931.0,100000.0,100000.0,0
2021-05-22,737932.0,100000.0,100000.0,0
2021-05-23,737933.0,100000.0,100000.0,0
2021-05-24,737934.0,100000.0,100000.0,0
2021-05-25,737935.0,100000.0,100000.0,0
2021-05-26,737936.0,100000.0,100000.0,0
2021-05-27,737937.0,100000.0,100000.0,0
2021-05-28,737938.0,100000.0,100000.0,0
2021-05-29,737939.0,100000.0,100000.0,0
2021-05-30,737940.0,100000.0,100000.0,0
2021-05-31,737941.0,100000.0,100000.0,0
2021-06-01,737942.0,100000.0,100000.0,0
2021-06-02,737943.0,100000.0,100000.0,0
2021-06-03,737944.0,100000.0,100000.0,0
2021-06-04,737945.0,100000.0,100000.0,0
2021-06-05,737946.0,100000.0,100000.0,0
2021-06-06,737947.0,100000.0,100000.0,0
2021-06-07,737948.0,100000.0,100000.0,0
2021-06-08,737949.0,100000.0,100000.0,0
2021-06-09,737950.0,100000.0,100000.0,0
2021-06-10,737951.0,100000.0,100000.0,0
2021-06-11,737952.0,100000.0,100000.0,0
2021-06-12,737953.0,100000.0,100000.0,0
2021-06-13,737954.0,100000.0,100000.0,0
2021-06-14,737955.0,100000.0,100000.0,0
2021-06-15,737956.0,100000.0,100000.0,0
2021-06-16,737957.0,100000.0,100000.0,0
2021-06-17,737958.0,100000.0,100000.0,0
2021-06-18,737959.0,100000.0,100000.0,0
2021-06-19,737960.0,100000.0,100000.0,0
2021-06-20,737961.0,100000.0,100000.0,0
2021-06-21,737962.0,100000.0,100000.0,0
2021-06-22,737963.0,100000.0,100000.0,0
2021-06-23,737964.0,100000.0,100000.0,0
2021-06-24,737965.0,100000.0,100000.0,0
2021-06-25,737966.0,100000.0,100000.0,0
2021-06-26,737967.0,100000.0,100000.0,0
2021-06-27,737968.0,100000.0,100000.0,0
2021-06-28,737969.0,100000.0,100000.0,0
2021-06-29,737970.0,100000.0,100000.0,0
2021-06-30,737971.0,100000.0,100000.0,0
2021-07-01,737972.0,100000.0,100000.0,0
2021-07-02,737973.0,100000.0,100000.0,0
2021-07-03,737974.0,100000.0,100000.0,0
2021-07-04,737975.0,100000.0,100000.0,0
2021-07-05,737976.0,100000.0,100000.0,0
2021-07-06,737977.0,100000.0,100000.0,0
2021-07-07,737978.0,100000.0,100000.0,0
2021-07-08,737979.0,100000.0,100000.0,0
2021-07-09,737980.0,100000.0,100000.0,0
2021-07-10,737981.0,100000.0,100000.0,0
2021-07-11,737982.0,100000.0,100000.0,0
2021-07-12,737983.0,100000.0,100000.0,0
2021-07-13,737984.0,100000.0,100000.0,0
2021-07-14,737985.0,100195.3838583078,93700.99960461614,6494.384253691666
2021-07-15,737986.0,100364.64194328929,93700.99960461614,6663.642338673148
2021-07-16,737987.0,100314.1193476455,93700.99960461614,6613.119743029348
2021-07-17,737988.0,100532.49139274035,95396.0286010918,5136.462791648548
2021-07-18,737989.0,100682.03026298249,95396.0286010918,5286.001661890686
2021-07-19,737990.0,100784.19272627814,95396.0286010918,5388.1641251863375
2021-07-20,737991.0,100796.23105462667,95396.0286010918,5400.202453534859
2021-07-21,737992.0,100812.28137193057,95396.0286010918,5416.252770838759
2021-07-22,737993.0,100935.74219750632,97213.69704638232,3722.0451511239994
2021-07-23,737994.0,100923.7288922672,97213.69704638232,3710.0318458848715
2021-07-24,737995.0,100808.88012262555,97213.69704638232,3595.183076243221
2021-07-25,737996.0,100855.95139658796,97213.69704638232,3642.2543502056387
2021-07-26,737997.0,100923.5081690877,97213.69704638232,3709.8111227053814
2021-07-27,737998.0,101149.47900909484,97213.69704638232,3935.7819627125077
2021-07-28,737999.0,101047.76759859461,97213.69704638232,3834.070552212282
2021-07-29,738000.0,101242.4341233194,97213.69704638232,4028.737076937079
2021-07-30,738001.0,101340.92998504265,97213.69704638232,4127.23293866033
2021-07-31,738002.0,101359.92041182645,97213.69704638232,4146.223365444125
2021-08-01,738003.0,101559.55637793572,97213.69704638232,4345.859331553388
2021-08-02,738004.0,101443.08748533265,97213.69704638232,4229.390438950331
2021-08-03,738005.0,101298.43692052062,97213.69704638232,4084.7398741382867
2021-08-04,738006.0,101501.27621867004,97213.69704638232,4287.579172287724
2021-08-05,738007.0,101495.09978730191,97213.69704638232,4281.402740919581
2021-08-06,738008.0,101607.12028005258,97213.69704638232,4393.423233670258
2021-08-07,738009.0,101509.9002906282,97213.69704638232,4296.203244245867
2021-08-08,738010.0,101737.75554865043,97213.69704638232,4524.058502268111
2021-08-09,738011.0,101774.23651490784,97213.69704638232,4560.5394685255105
2021-08-10,738012.0,101640.9836126582,97213.69704638232,4427.286566275874
2021-08-11,738013.0,101992.48671148512,97213.69704638232,4778.7896651027995
2021-08-12,738014.0,102160.9374582474,97213.69704638232,4947.240411865072
2021-08-13,738015.0,102238.94560705619,97213.69704638232,5025.2485606738655
2021-08-14,738016.0,102191.45032813028,97213.69704638232,4977.7532817479505
2021-08-15,738017.0,102105.9697021364,97213.69704638232,4892.272655754077
2021-08-16,738018.0,102168.29636003842,97213.69704638232,4954.599313656105
2021-08-17,738019.0,102200.54208442829,97213.69704638232,4986.8450380459635
2021-08-18,738020.0,102233.47395524151,97213.69704638232,5019.776908859191
2021-08-19,738021.0,102197.38091077228,97213.69704638232,4983.68386438996
2021-08-20,738022.0,102382.70054398298,97213.69704638232,5169.003497600657
2021-08-21,738023.0,102515.49694677525,97213.69704638232,5301.799900392923
2021-08-22,738024.0,102496.59549786041,97213.69704638232,5282.8984514780905
2021-08-23,738025.0,102306.43336259523,97213.69704638232,5092.736316212901
2021-08-24,738026.0,102567.18731857314,97213.69704638232,5353.490272190815
2021-08-25,738027.0,102384.13999677169,97213.69704638232,5170.442950389359
2021-08-26,738028.0,102472.16224101526,97213.69704638232,5258.465194632943
2021-08-27,738029.0,102379.47764248165,97213.69704638232,5165.780596099329
2021-08-28,738030.0,102164.56385077909,102164.56385077909,0
2021-08-29,738031.0,102164.56385077909,102164.56385077909,0
2021-08-30,738032.0,102164.56385077909,102164.56385077909,0
2021-08-31,738033.0,102164.56385077909,102164.56385077909,0
2021-09-01,738034.0,102164.56385077909,102164.56385077909,0
2021-09-02,738035.0,102176.14356128055,93826.75412429462,8349.389436985928
2021-09-03,738036.0,102309.32316952109,93826.75412429462,8482.569045226472
2021-09-04,738037.0,102382.53874109224,93826.75412429462,8555.784616797626
2021-09-05,738038.0,102620.29297618943,96032.6630702558,6587.629905933636
2021-09-06,738039.0,102722.79090608557,96032.6630702558,6690.127835829765
2021-09-07,738040.0,102912.74131133723,96032.6630702558,6880.0782410814245
2021-09-08,738041.0,102915.2069610236,98363.15312579375,4552.053835229867
2021-09-09,738042.0,102973.63642827353,98363.15312579375,4610.48330247979
2021-09-10,738043.0,102931.75797988838,98363.15312579375,4568.6048540946385
2021-09-11,738044.0,103006.08436176978,98363.15312579375,4642.931235976033
2021-09-12,738045.0,103318.0081838918,92118.2009330033,11199.80725088849
2021-09-13,738046.0,103574.67026280641,92118.2009330033,11456.46932980311
2021-09-14,738047.0,103911.18930670148,85088.12229298583,18823.067013715634
2021-09-15,738048.0,104029.23772122849,86969.7600484952,17059.477672733297
2021-09-16,738049.0,104081.85005050244,86969.7600484952,17112.090002007244
2021-09-17,738050.0,103898.9770508453,86969.7600484952,16929.21700235009
2021-09-18,738051.0,104434.39698599497,86969.7600484952,17464.636937499774
2021-09-19,738052.0,104096.59942569229,86969.7600484952,17126.83937719708
2021-09-20,738053.0,104529.5003363254,86969.7600484952,17559.740287830202
2021-09-21,738054.0,104833.98080960929,86969.7600484952,17864.2207611141
2021-09-22,738055.0,104902.14511261939,88978.15042235825,15923.994690261145
2021-09-23,738056.0,104936.34694634523,88978.15042235825,15958.19652398699
2021-09-24,738057.0,104913.33184455187,88978.15042235825,15935.18142219362
2021-09-25,738058.0,105234.7620615923,90663.70792295662,14571.054138635676
2021-09-26,738059.0,105468.93682349307,84436.90856377418,21032.0282597189
2021-09-27,738060.0,105776.52065734475,86249.1258133878,19527.39484395695
2021-09-28,738061.0,106041.9929475888,86249.1258133878,19792.867134201002
2021-09-29,738062.0,106247.61059433293,86249.1258133878,19998.484780945135
2021-09-30,738063.0,106523.83043962443,87932.89251493015,18590.937924694284
2021-10-01,738064.0,106731.43136751292,87932.89251493015,18798.538852582773
2021-10-02,738065.0,106870.79148719618,87932.89251493015,18937.898972266034
2021-10-03,738066.0,106955.17563736973,89746.05957205707,17209.116065312654
2021-10-04,738067.0,106898.29220167425,89746.05957205707,17152.23262961718
2021-10-05,738068.0,106944.28228819757,89746.05957205707,17198.222716140503
2021-10-06,738069.0,107168.07964429134,89746.05957205707,17422.020072234267
2021-10-07,738070.0,107587.17226936363,89746.05957205707,17841.112697306547
2021-10-08,738071.0,107659.76800826067,89746.05957205707,17913.708436203604
2021-10-09,738072.0,107704.31036665387,89746.05957205707,17958.25079459679
2021-10-10,738073.0,107919.27195259539,89746.05957205707,18173.212380538313
2021-10-11,738074.0,108019.63719686886,95086.40448803279,12933.232708836069
2021-10-12,738075.0,108062.04410642451,95086.40448803279,12975.639618391728
2021-10-13,738076.0,108069.6309243743,95086.40448803279,12983.22643634151
2021-10-14,738077.0,108191.81684312253,95086.40448803279,13105.412355089757
2021-10-15,738078.0,108511.59042221666,95086.40448803279,13425.185934183875
2021-10-16,738079.0,108537.96255526651,95086.40448803279,13451.55806723372
2021-10-17,738080.0,108657.61190945146,95086.40448803279,13571.207421418676
2021-10-18,738081.0,108574.83968342205,95086.40448803279,13488.435195389266
2021-10-19,738082.0,108620.0018264378,95086.40448803279,13533.597338405016
2021-10-20,738083.0,108561.50076746989,95086.40448803279,13475.096279437095
2021-10-21,738084.0,108693.88202099527,95086.40448803279,13607.47753296248
2021-10-22,738085.0,108529.33969853021,95086.40448803279,13442.935210497417
2021-10-23,738086.0,108461.87848851523,95086.40448803279,13375.474000482438
2021-10-24,738087.0,108448.78408537475,95086.40448803279,13362.379597341962
2021-10-25,738088.0,108334.65696290566,95086.40448803279,13248.252474872883
2021-10-26,738089.0,108420.98636459261,95086.40448803279,13334.581876559829
2021-10-27,738090.0,109063.27780737894,95086.40448803279,13976.873319346147
2021-10-28,738091.0,109228.3921924066,95086.40448803279,14141.987704373803
2021-10-29,738092.0,109273.85199314581,95086.40448803279,14187.447505113028
2021-10-30,738093.0,109546.53889521398,95086.40448803279,14460.13440718119
2021-10-31,738094.0,109710.26743902072,95086.40448803279,14623.862950987943
2021-11-01,738095.0,109743.0696507311,95086.40448803279,14656.665162698308
2021-11-02,738096.0,109689.63621170614,95086.40448803279,14603.231723673347
2021-11-03,738097.0,109823.79308449506,95086.40448803279,14737.388596462282
2021-11-04,738098.0,109605.96876721112,95086.40448803279,14519.564279178336
2021-11-05,738099.0,109628.19873596042,95086.40448803279,14541.794247927643
2021-11-06,738100.0,109697.41918502693,95086.40448803279,14611.014696994143
2021-11-07,738101.0,109940.22245168022,95086.40448803279,14853.817963647434
2021-11-08,738102.0,109838.4880077899,95086.40448803279,14752.083519757109
2021-11-09,738103.0,109674.66335447888,95086.40448803279,14588.25886644609
2021-11-10,738104.0,109639.20183350435,100011.87460014768,9627.327233356671
2021-11-11,738105.0,109932.0483261635,100011.87460014768,9920.173726015808
2021-11-12,738106.0,109886.36243202757,103948.95585369931,5937.40657832826
2021-11-13,738107.0,110235.2875192311,103948.95585369931,6286.331665531792
2021-11-14,738108.0,110265.95186211175,103948.95585369931,6316.99600841243
2021-11-15,738109.0,110419.65005912734,103948.95585369931,6470.694205428022
2021-11-16,738110.0,110550.71333986413,103948.95585369931,6601.7574861648145
2021-11-17,738111.0,110878.90999282396,103948.95585369931,6929.9541391246385
2021-11-18,738112.0,110871.50968883453,103948.95585369931,6922.553835135209
2021-11-19,738113.0,111057.47363498775,103948.95585369931,7108.517781288432
2021-11-20,738114.0,111171.27274509022,103948.95585369931,7222.316891390904
2021-11-21,738115.0,111525.90394213212,103948.95585369931,7576.948088432813
2021-11-22,738116.0,111650.6926792377,103948.95585369931,7701.736825538386
2021-11-23,738117.0,111882.54492352255,103948.95585369931,7933.589069823236
2021-11-24,738118.0,111927.94504197338,103948.95585369931,7978.989188274057
2021-11-25,738119.0,111972.03876633942,103948.95585369931,8023.08291264011
2021-11-26,738120.0,112175.15705852873,94914.10282849228,17261.054230036447
2021-11-27,738121.0,113170.05029945662,97306.08606688134,15863.964232575276
2021-11-28,738122.0,113323.98492942857,97306.08606688134,16017.898862547223
2021-11-29,738123.0,113477.22299458674,97306.08606688134,16171.136927705411
2021-11-30,738124.0,113708.38474929446,97306.08606688134,16402.29868241313
2021-12-01,738125.0,113475.81618189914,97306.08606688134,16169.730115017792
2021-12-02,738126.0,113250.63553122018,97306.08606688134,15944.549464338841
2021-12-03,738127.0,113770.4617248977,97306.08606688134,16464.375658016354
2021-12-04,738128.0,113728.05570751491,99834.7250996577,13893.330607857202
2021-12-05,738129.0,113866.01457511491,99834.7250996577,14031.289475457197
2021-12-06,738130.0,113926.48451177674,99834.7250996577,14091.759412119027
2021-12-07,738131.0,114022.5019017633,99834.7250996577,14187.776802105596
2021-12-08,738132.0,114067.32757916572,99834.7250996577,14232.602479508016
2021-12-09,738133.0,113884.57831891107,99834.7250996577,14049.853219253358
2021-12-10,738134.0,113671.60807069865,108280.26410428979,5391.343966408865
2021-12-11,738135.0,113583.88490753186,108280.26410428979,5303.6208032420745
2021-12-12,738136.0,113645.94790569713,108280.26410428979,5365.68380140735
2021-12-13,738137.0,113744.72750280767,108280.26410428979,5464.463398517879
2021-12-14,738138.0,113683.18286273316,108280.26410428979,5402.918758443363
2021-12-15,738139.0,113811.79451327525,108280.26410428979,5531.5304089854635
2021-12-16,738140.0,113809.01959215125,108280.26410428979,5528.755487861455
2021-12-17,738141.0,113941.65668993973,108280.26410428979,5661.392585649943
2021-12-18,738142.0,113957.06080386574,108280.26410428979,5676.796699575945
2021-12-19,738143.0,113942.57425656842,108280.26410428979,5662.310152278632
2021-12-20,738144.0,113968.27179575294,108280.26410428979,5688.007691463147
2021-12-21,738145.0,113793.80772984093,108280.26410428979,5513.543625551145
2021-12-22,738146.0,114074.39654825663,108280.26410428979,5794.132443966835
2021-12-23,738147.0,113949.6178956548,108280.26410428979,5669.353791365004
2021-12-24,738148.0,114041.32357781328,108280.26410428979,5761.059473523491
2021-12-25,738149.0,114126.21930265354,108280.26410428979,5845.955198363757
2021-12-26,738150.0,113870.13202120809,108280.26410428979,5589.867916918294
2021-12-27,738151.0,113920.86540711406,108280.26410428979,5640.601302824272
2021-12-28,738152.0,113780.06332792876,108280.26410428979,5499.799223638972
2021-12-29,738153.0,113643.55439858651,113643.55439858651,0
2021-12-30,738154.0,113643.55439858651,113643.55439858651,0
2021-12-31,738155.0,113643.55439858651,113643.55439858651,0
2022-01-01,738156.0,113643.55439858651,113643.55439858651,0
2022-01-02,738157.0,113643.55439858651,113643.55439858651,0
2022-01-03,738158.0,113643.55439858651,113643.55439858651,0
2022-01-04,738159.0,113643.55439858651,113643.55439858651,0
2022-01-05,738160.0,113643.55439858651,113643.55439858651,0
2022-01-06,738161.0,113643.55439858651,113643.55439858651,0
2022-01-07,738162.0,113643.55439858651,113643.55439858651,0
2022-01-08,738163.0,113643.55439858651,113643.55439858651,0
2022-01-09,738164.0,113643.55439858651,113643.55439858651,0
2022-01-10,738165.0,113643.55439858651,113643.55439858651,0
2022-01-11,738166.0,113643.55439858651,113643.55439858651,0
2022-01-12,738167.0,113643.55439858651,113643.55439858651,0
2022-01-13,738168.0,113643.55439858651,113643.55439858651,0
2022-01-14,738169.0,113643.55439858651,113643.55439858651,0
2022-01-15,738170.0,113643.55439858651,113643.55439858651,0
2022-01-16,738171.0,113643.55439858651,113643.55439858651,0
2022-01-17,738172.0,113643.55439858651,113643.55439858651,0
2022-01-18,738173.0,113643.55439858651,113643.55439858651,0
2022-01-19,738174.0,113643.55439858651,113643.55439858651,0
2022-01-20,738175.0,113643.55439858651,113643.55439858651,0
2022-01-21,738176.0,113643.55439858651,113643.55439858651,0
2022-01-22,738177.0,113643.55439858651,113643.55439858651,0
2022-01-23,738178.0,113643.55439858651,113643.55439858651,0
2022-01-24,738179.0,113643.55439858651,113643.55439858651,0
2022-01-25,738180.0,113643.55439858651,113643.55439858651,0
2022-01-26,738181.0,113643.55439858651,113643.55439858651,0
2022-01-27,738182.0,113643.55439858651,113643.55439858651,0
2022-01-28,738183.0,113643.55439858651,113643.55439858651,0
2022-01-29,738184.0,113643.55439858651,113643.55439858651,0
2022-01-30,738185.0,113643.55439858651,113643.55439858651,0
2022-01-31,738186.0,113643.55439858651,113643.55439858651,0
2022-02-01,738187.0,113643.55439858651,113643.55439858651,0
2022-02-02,738188.0,113643.55439858651,113643.55439858651,0
2022-02-03,738189.0,113643.55439858651,113643.55439858651,0
2022-02-04,738190.0,113643.55439858651,113643.55439858651,0
2022-02-05,738191.0,113643.55439858651,113643.55439858651,0
2022-02-06,738192.0,113643.55439858651,113643.55439858651,0
2022-02-07,738193.0,113643.55439858651,113643.55439858651,0
2022-02-08,738194.0,113643.55439858651,113643.55439858651,0
2022-02-09,738195.0,113643.55439858651,113643.55439858651,0
2022-02-10,738196.0,113643.55439858651,113643.55439858651,0
2022-02-11,738197.0,113643.55439858651,113643.55439858651,0
2022-02-12,738198.0,113643.55439858651,113643.55439858651,0
2022-02-13,738199.0,113643.55439858651,113643.55439858651,0
2022-02-14,738200.0,113643.55439858651,113643.55439858651,0
2022-02-15,738201.0,113643.55439858651,113643.55439858651,0
2022-02-16,738202.0,113643.55439858651,113643.55439858651,0
2022-02-17,738203.0,113643.55439858651,113643.55439858651,0
2022-02-18,738204.0,113643.55439858651,113643.55439858651,0
2022-02-19,738205.0,113643.55439858651,113643.55439858651,0
2022-02-20,738206.0,113643.55439858651,113643.55439858651,0
2022-02-21,738207.0,113643.55439858651,113643.55439858651,0
2022-02-22,738208.0,113643.55439858651,113643.55439858651,0
2022-02-23,738209.0,113643.55439858651,113643.55439858651,0
2022-02-24,738210.0,113643.55439858651,113643.55439858651,0
2022-02-25,738211.0,113643.55439858651,113643.55439858651,0
2022-02-26,738212.0,113643.55439858651,113643.55439858651,0
2022-02-27,738213.0,113643.55439858651,113643.55439858651,0
2022-02-28,738214.0,113643.55439858651,113643.55439858651,0
2022-03-01,738215.0,113643.55439858651,113643.55439858651,0
2022-03-02,738216.0,113643.55439858651,113643.55439858651,0
2022-03-03,738217.0,113643.55439858651,113643.55439858651,0
2022-03-04,738218.0,113643.55439858651,113643.55439858651,0
2022-03-05,738219.0,113643.55439858651,113643.55439858651,0
2022-03-06,738220.0,113643.55439858651,113643.55439858651,0
2022-03-07,738221.0,113643.55439858651,113643.55439858651,0
2022-03-08,738222.0,113643.55439858651,113643.55439858651,0
2022-03-09,738223.0,113643.55439858651,113643.55439858651,0
2022-03-10,738224.0,113643.55439858651,113643.55439858651,0
2022-03-11,738225.0,113643.55439858651,113643.55439858651,0
2022-03-12,738226.0,113643.55439858651,113643.55439858651,0
2022-03-13,738227.0,113643.55439858651,113643.55439858651,0
2022-03-14,738228.0,113643.55439858651,113643.55439858651,0
2022-03-15,738229.0,113643.55439858651,113643.55439858651,0
2022-03-16,738230.0,113643.55439858651,113643.55439858651,0
2022-03-17,738231.0,113643.55439858651,113643.55439858651,0
2022-03-18,738232.0,113643.55439858651,113643.55439858651,0
2022-03-19,738233.0,113643.55439858651,113643.55439858651,0
2022-03-20,738234.0,113643.55439858651,113643.55439858651,0
2022-03-21,738235.0,113643.55439858651,113643.55439858651,0
2022-03-22,738236.0,113643.55439858651,113643.55439858651,0
2022-03-23,738237.0,113643.55439858651,113643.55439858651,0
2022-03-24,738238.0,113643.55439858651,113643.55439858651,0
2022-03-25,738239.0,113643.55439858651,113643.55439858651,0
2022-03-26,738240.0,113643.55439858651,113643.55439858651,0
2022-03-27,738241.0,113643.55439858651,113643.55439858651,0
2022-03-28,738242.0,113643.55439858651,113643.55439858651,0
2022-03-29,738243.0,113643.55439858651,113643.55439858651,0
2022-03-30,738244.0,113643.55439858651,113643.55439858651,0
2022-03-31,738245.0,113643.55439858651,113643.55439858651,0
2022-04-01,738246.0,113643.55439858651,113643.55439858651,0
2022-04-02,738247.0,113643.55439858651,113643.55439858651,0
2022-04-03,738248.0,113643.55439858651,113643.55439858651,0
2022-04-04,738249.0,113643.55439858651,113643.55439858651,0
2022-04-05,738250.0,113643.55439858651,113643.55439858651,0
2022-04-06,738251.0,113643.55439858651,113643.55439858651,0
2022-04-07,738252.0,113643.55439858651,113643.55439858651,0
2022-04-08,738253.0,113643.55439858651,113643.55439858651,0
2022-04-09,738254.0,113643.55439858651,113643.55439858651,0
2022-04-10,738255.0,113643.55439858651,113643.55439858651,0
2022-04-11,738256.0,113643.55439858651,113643.55439858651,0
2022-04-12,738257.0,113643.55439858651,113643.55439858651,0
2022-04-13,738258.0,113643.55439858651,113643.55439858651,0
2022-04-14,738259.0,113643.55439858651,113643.55439858651,0
2022-04-15,738260.0,113643.55439858651,113643.55439858651,0
2022-04-16,738261.0,113643.55439858651,113643.55439858651,0
2022-04-17,738262.0,113643.55439858651,113643.55439858651,0
2022-04-18,738263.0,113643.55439858651,113643.55439858651,0
2022-04-19,738264.0,113643.55439858651,113643.55439858651,0
2022-04-20,738265.0,113643.55439858651,113643.55439858651,0
2022-04-21,738266.0,113643.55439858651,113643.55439858651,0
2022-04-22,738267.0,113643.55439858651,113643.55439858651,0
2022-04-23,738268.0,113643.55439858651,113643.55439858651,0
2022-04-24,738269.0,113643.55439858651,113643.55439858651,0
2022-04-25,738270.0,113643.55439858651,113643.55439858651,0
2022-04-26,738271.0,113643.55439858651,113643.55439858651,0
2022-04-27,738272.0,113643.55439858651,113643.55439858651,0
2022-04-28,738273.0,113643.55439858651,113643.55439858651,0
2022-04-29,738274.0,113643.55439858651,113643.55439858651,0
2022-04-30,738275.0,113643.55439858651,113643.55439858651,0
2022-05-01,738276.0,113643.55439858651,113643.55439858651,0
2022-05-02,738277.0,113643.55439858651,113643.55439858651,0
2022-05-03,738278.0,113643.55439858651,113643.55439858651,0
2022-05-04,738279.0,113643.55439858651,113643.55439858651,0
2022-05-05,738280.0,113643.55439858651,113643.55439858651,0
2022-05-06,738281.0,113643.55439858651,113643.55439858651,0
2022-05-07,738282.0,113643.55439858651,113643.55439858651,0
2022-05-08,738283.0,113643.55439858651,113643.55439858651,0
2022-05-09,738284.0,113643.55439858651,113643.55439858651,0
2022-05-10,738285.0,113643.55439858651,113643.55439858651,0
2022-05-11,738286.0,113643.55439858651,113643.55439858651,0
2022-05-12,738287.0,113643.55439858651,113643.55439858651,0
2022-05-13,738288.0,113643.55439858651,113643.55439858651,0
2022-05-14,738289.0,113643.55439858651,113643.55439858651,0
2022-05-15,738290.0,113643.55439858651,113643.55439858651,0
2022-05-16,738291.0,113643.55439858651,113643.55439858651,0
2022-05-17,738292.0,113643.55439858651,113643.55439858651,0
2022-05-18,738293.0,113643.55439858651,113643.55439858651,0
2022-05-19,738294.0,113643.55439858651,113643.55439858651,0
2022-05-20,738295.0,113643.55439858651,113643.55439858651,0
2022-05-21,738296.0,113643.55439858651,113643.55439858651,0
2022-05-22,738297.0,113643.55439858651,113643.55439858651,0
2022-05-23,738298.0,113643.55439858651,113643.55439858651,0
2022-05-24,738299.0,113643.55439858651,113643.55439858651,0
2022-05-25,738300.0,113643.55439858651,113643.55439858651,0
2022-05-26,738301.0,113643.55439858651,113643.55439858651,0
2022-05-27,738302.0,113643.55439858651,113643.55439858651,0
2022-05-28,738303.0,113643.55439858651,113643.55439858651,0
2022-05-29,738304.0,113643.55439858651,113643.55439858651,0
2022-05-30,738305.0,113643.55439858651,113643.55439858651,0
2022-05-31,738306.0,113643.55439858651,113643.55439858651,0
2022-06-01,738307.0,113643.55439858651,113643.55439858651,0
2022-06-02,738308.0,113643.55439858651,113643.55439858651,0
2022-06-03,738309.0,113643.55439858651,113643.55439858651,0
2022-06-04,738310.0,113643.55439858651,113643.55439858651,0
2022-06-05,738311.0,113643.55439858651,113643.55439858651,0
2022-06-06,738312.0,113643.55439858651,113643.55439858651,0
2022-06-07,738313.0,113643.55439858651,113643.55439858651,0
2022-06-08,738314.0,113643.55439858651,113643.55439858651,0
2022-06-09,738315.0,113643.55439858651,113643.55439858651,0
2022-06-10,738316.0,113643.55439858651,113643.55439858651,0
2022-06-11,738317.0,113643.55439858651,113643.55439858651,0
2022-06-12,738318.0,113643.55439858651,113643.55439858651,0
2022-06-13,738319.0,113643.55439858651,113643.55439858651,0
2022-06-14,738320.0,113643.55439858651,113643.55439858651,0
2022-06-15,738321.0,113643.55439858651,113643.55439858651,0
2022-06-16,738322.0,113643.55439858651,113643.55439858651,0
2022-06-17,738323.0,113643.55439858651,113643.55439858651,0
2022-06-18,738324.0,113643.55439858651,113643.55439858651,0
2022-06-19,738325.0,113643.55439858651,113643.55439858651,0
2022-06-20,738326.0,113643.55439858651,113643.55439858651,0
2022-06-21,738327.0,113643.55439858651,113643.55439858651,0
2022-06-22,738328.0,113643.55439858651,113643.55439858651,0
2022-06-23,738329.0,113643.55439858651,113643.55439858651,0
2022-06-24,738330.0,113643.55439858651,113643.55439858651,0
2022-06-25,738331.0,113643.55439858651,113643.55439858651,0
2022-06-26,738332.0,113643.55439858651,113643.55439858651,0
2022-06-27,738333.0,113643.55439858651,113643.55439858651,0
2022-06-28,738334.0,113643.55439858651,113643.55439858651,0
2022-06-29,738335.0,113810.90232539472,106701.54947000016,7109.352855394567
2022-06-30,738336.0,113870.74441689144,106701.54947000016,7169.194946891277
2022-07-01,738337.0,114143.33663458312,106701.54947000016,7441.787164582963
2022-07-02,738338.0,114123.33757453092,108573.90211071637,5549.435463814547
2022-07-03,738339.0,113969.46646459504,108573.90211071637,5395.564353878666
2022-07-04,738340.0,114143.48364070531,108573.90211071637,5569.581529988931
2022-07-05,738341.0,114188.29292539286,108573.90211071637,5614.390814676482
2022-07-06,738342.0,114326.99275449314,108573.90211071637,5753.090643776766
2022-07-07,738343.0,114471.11620922183,108573.90211071637,5897.214098505464
2022-07-08,738344.0,114646.92054557652,110585.70767721652,4061.212868360003
2022-07-09,738345.0,114780.73888026568,110585.70767721652,4195.031203049169
2022-07-10,738346.0,115011.79354276085,110585.70767721652,4426.085865544332
2022-07-11,738347.0,115177.52426208148,110585.70767721652,4591.816584864962
2022-07-12,738348.0,115305.46690034412,110585.70767721652,4719.759223127602
2022-07-13,738349.0,115319.80290168135,110585.70767721652,4734.095224464831
2022-07-14,738350.0,115504.68072489144,110585.70767721652,4918.973047674924
2022-07-15,738351.0,115824.40419720208,103918.12187813022,11906.282319071863
2022-07-16,738352.0,116109.20302420606,103918.12187813022,12191.081146075843
2022-07-17,738353.0,116311.55497150258,103918.12187813022,12393.433093372372
2022-07-18,738354.0,116346.39439788414,103918.12187813022,12428.27251975393
2022-07-19,738355.0,116788.25773528495,103918.12187813022,12870.135857154735
2022-07-20,738356.0,117008.315715994,105724.62095457855,11283.694761415445
2022-07-21,738357.0,116857.55569111768,105724.62095457855,11132.934736539126
2022-07-22,738358.0,116910.47740425261,105724.62095457855,11185.856449674056
2022-07-23,738359.0,117419.25807393696,105724.62095457855,11694.637119358405
2022-07-24,738360.0,117070.78870389752,105724.62095457855,11346.167749318958
2022-07-25,738361.0,117202.54418994815,105724.62095457855,11477.923235369604
2022-07-26,738362.0,117189.9996005497,101730.45383418609,15459.545766363604
2022-07-27,738363.0,117267.00461747037,101730.45383418609,15536.550783284283
2022-07-28,738364.0,117630.5345153817,101730.45383418609,15900.080681195606
2022-07-29,738365.0,117688.15282282255,101730.45383418609,15957.698988636457
2022-07-30,738366.0,117846.92083420184,101730.45383418609,16116.46700001575
2022-07-31,738367.0,118128.29005051556,101730.45383418609,16397.836216329466
2022-08-01,738368.0,118332.44365043839,101730.45383418609,16601.98981625231
2022-08-02,738369.0,117580.70546408447,107085.67506718697,10495.030396897502
2022-08-03,738370.0,117731.58192741036,107085.67506718697,10645.906860223393
2022-08-04,738371.0,118027.86806390966,107085.67506718697,10942.192996722684
2022-08-05,738372.0,118270.69879508199,107085.67506718697,11185.023727895015
2022-08-06,738373.0,118396.87313129698,107085.67506718697,11311.198064110005
2022-08-07,738374.0,118778.34631914271,107085.67506718697,11692.671251955751
2022-08-08,738375.0,118866.3268035801,99785.26936483994,19081.057438740165
2022-08-09,738376.0,119560.57112109919,99785.26936483994,19775.301756259243
2022-08-10,738377.0,120085.33048539449,99785.26936483994,20300.061120554547
2022-08-11,738378.0,120353.77283020354,99785.26936483994,20568.503465363596
2022-08-12,738379.0,120755.01148703817,101753.44470753615,19001.56677950201
2022-08-13,738380.0,120787.2719222692,101753.44470753615,19033.82721473305
2022-08-14,738381.0,120959.04024587225,101753.44470753615,19205.595538336096
2022-08-15,738382.0,120977.17769752274,101753.44470753615,19223.732989986587
2022-08-16,738383.0,120803.06212260565,101753.44470753615,19049.6174150695
2022-08-17,738384.0,121363.09334522947,101753.44470753615,19609.648637693317
2022-08-18,738385.0,121755.51347635993,101753.44470753615,20002.068768823778
2022-08-19,738386.0,122139.52454809118,101753.44470753615,20386.079840555034
2022-08-20,738387.0,122331.870439257,101753.44470753615,20578.42573172086
2022-08-21,738388.0,122300.90458557339,101753.44470753615,20547.459878037225
2022-08-22,738389.0,122732.66069691534,93416.68314285185,29315.97755406349
2022-08-23,738390.0,122856.88995297694,93416.68314285185,29440.20681012509
2022-08-24,738391.0,122965.83206198807,93416.68314285185,29549.14891913622
2022-08-25,738392.0,123305.3856137014,93416.68314285185,29888.702470849552
2022-08-26,738393.0,123971.06558201928,93416.68314285185,30554.382439167428
2022-08-27,738394.0,124289.41989916899,93416.68314285185,30872.736756317143
2022-08-28,738395.0,125304.70887341384,95647.78712706393,29656.921746349908
2022-08-29,738396.0,125358.96145479716,97761.77221481863,27597.18923997852
2022-08-30,738397.0,126493.67439285306,97761.77221481863,28731.902178034434
2022-08-31,738398.0,127160.66930185429,97761.77221481863,29398.897087035657
2022-09-01,738399.0,127271.17711840523,97761.77221481863,29509.404903586605
2022-09-02,738400.0,127630.80048374982,97761.77221481863,29869.028268931186
2022-09-03,738401.0,128636.07114300529,97761.77221481863,30874.29892818666
2022-09-04,738402.0,128878.95105060749,100142.91399450967,28736.03705609782
2022-09-05,738403.0,128947.56901594893,100142.91399450967,28804.65502143926
2022-09-06,738404.0,128892.26603115359,100142.91399450967,28749.35203664391
2022-09-07,738405.0,129332.14717668477,100142.91399450967,29189.233182175103
2022-09-08,738406.0,129094.93833065295,100142.91399450967,28952.024336143277
2022-09-09,738407.0,129680.766528084,100142.91399450967,29537.852533574325
2022-09-10,738408.0,130238.27326960054,100142.91399450967,30095.359275090872
2022-09-11,738409.0,131188.781143529,100142.91399450967,31045.867149019326
2022-09-12,738410.0,130910.77208840346,100142.91399450967,30767.858093893792
2022-09-13,738411.0,130793.65796126428,100142.91399450967,30650.74396675462
2022-09-14,738412.0,130891.4955122962,100142.91399450967,30748.581517786533
2022-09-15,738413.0,131225.95193687224,100142.91399450967,31083.037942362578
2022-09-16,738414.0,131610.0317350615,100142.91399450967,31467.11774055184
2022-09-17,738415.0,131517.29650178712,100142.91399450967,31374.38250727744
2022-09-18,738416.0,132163.6480381697,100142.91399450967,32020.73404366003
2022-09-19,738417.0,132439.52956657537,100142.91399450967,32296.615572065693
2022-09-20,738418.0,133567.09781842478,100142.91399450967,33424.183823915104
2022-09-21,738419.0,133568.65017570014,100142.91399450967,33425.736181190485
2022-09-22,738420.0,133193.16908320188,100142.91399450967,33050.25508869222
2022-09-23,738421.0,133685.64968274205,100142.91399450967,33542.73568823237
2022-09-24,738422.0,133545.89721907233,100142.91399450967,33402.98322456267
2022-09-25,738423.0,134378.78497206958,100142.91399450967,34235.87097755992
2022-09-26,738424.0,134789.29525179003,100142.91399450967,34646.38125728037
2022-09-27,738425.0,134615.3687955574,100142.91399450967,34472.45480104775
2022-09-28,738426.0,135081.33280662543,100142.91399450967,34938.41881211577
2022-09-29,738427.0,135136.6776208227,100142.91399450967,34993.76362631304
2022-09-30,738428.0,135603.9972672402,100142.91399450967,35461.083272730524
2022-10-01,738429.0,136230.0935646472,100142.91399450967,36087.17957013752
2022-10-02,738430.0,136949.23854111592,100142.91399450967,36806.32454660626
2022-10-03,738431.0,137011.59713618603,100142.91399450967,36868.68314167636
2022-10-04,738432.0,137709.7861679682,100142.91399450967,37566.87217345854
2022-10-05,738433.0,138067.00540464092,100142.91399450967,37924.09141013126
2022-10-06,738434.0,138188.46721599565,100142.91399450967,38045.55322148598
2022-10-07,738435.0,138829.3796110694,100142.91399450967,38686.46561655971
2022-10-08,738436.0,138748.38261435687,100142.91399450967,38605.4686198472
2022-10-09,738437.0,138866.6576002662,100142.91399450967,38723.743605756514
2022-10-10,738438.0,138978.1155593581,100142.91399450967,38835.20156484842
2022-10-11,738439.0,139482.42879704546,100142.91399450967,39339.51480253579
2022-10-12,738440.0,139798.99827545334,100142.91399450967,39656.08428094366
2022-10-13,738441.0,140791.7216024778,100142.91399450967,40648.80760796814
2022-10-14,738442.0,141270.0068077765,100142.91399450967,41127.09281326683
2022-10-15,738443.0,141990.29457842847,100142.91399450967,41847.3805839188
2022-10-16,738444.0,142101.20553945843,100142.91399450967,41958.29154494876
2022-10-17,738445.0,142363.66456538136,100142.91399450967,42220.7505708717
2022-10-18,738446.0,142480.39612928327,112338.00926566878,30142.38686361448
2022-10-19,738447.0,141918.3828601666,112338.00926566878,29580.373594497833
2022-10-20,738448.0,143010.08005315933,112338.00926566878,30672.070787490564
2022-10-21,738449.0,143302.12767266438,112338.00926566878,30964.118406995596
2022-10-22,738450.0,143783.94950682786,112338.00926566878,31445.94024115908
2022-10-23,738451.0,144304.7040037829,112338.00926566878,31966.694738114136
2022-10-24,738452.0,144436.38227221914,112338.00926566878,32098.373006550355
2022-10-25,738453.0,145163.03845196613,112338.00926566878,32825.02918629735
2022-10-26,738454.0,145995.3244113705,112338.00926566878,33657.31514570172
2022-10-27,738455.0,146497.58513907492,112338.00926566878,34159.575873406146
2022-10-28,738456.0,147055.79138615867,112338.00926566878,34717.78212048991
2022-10-29,738457.0,146907.35309415148,112338.00926566878,34569.343828482684
2022-10-30,738458.0,147380.48975524225,112338.00926566878,35042.480489573456
2022-10-31,738459.0,148382.26519876622,112338.00926566878,36044.255933097455
2022-11-01,738460.0,148322.1002640453,112338.00926566878,35984.09099837652
2022-11-02,738461.0,148823.73433757407,112338.00926566878,36485.7250719053
2022-11-03,738462.0,148480.38138270384,112338.00926566878,36142.37211703508
2022-11-04,738463.0,148776.39407458232,112338.00926566878,36438.38480891353
2022-11-05,738464.0,149246.3041161316,112338.00926566878,36908.29485046281
2022-11-06,738465.0,149970.52191579828,112338.00926566878,37632.5126501295
2022-11-07,738466.0,150770.77993262105,112338.00926566878,38432.77066695228
2022-11-08,738467.0,150234.78513554405,112338.00926566878,37896.77586987528
2022-11-09,738468.0,150674.69377177875,112338.00926566878,38336.684506109974
2022-11-10,738469.0,150944.5824610721,112338.00926566878,38606.57319540332
2022-11-11,738470.0,150831.41035724373,112338.00926566878,38493.40109157497
2022-11-12,738471.0,150039.5820065968,112338.00926566878,37701.57274092802
2022-11-13,738472.0,149477.5418112634,112338.00926566878,37139.53254559462
2022-11-14,738473.0,149916.24990693765,112338.00926566878,37578.24064126889
2022-11-15,738474.0,149976.2992969717,112338.00926566878,37638.290031302924
2022-11-16,738475.0,149874.16320334031,112338.00926566878,37536.15393767153
2022-11-17,738476.0,150698.12610822008,112338.00926566878,38360.116842551295
2022-11-18,738477.0,150761.0518836159,112338.00926566878,38423.04261794713
2022-11-19,738478.0,150186.86304610252,112338.00926566878,37848.853780433754
2022-11-20,738479.0,150410.23725518666,112338.00926566878,38072.227989517865
2022-11-21,738480.0,149866.00825474807,112338.00926566878,37527.99898907931
2022-11-22,738481.0,150104.510665965,112338.00926566878,37766.501400296234
2022-11-23,738482.0,149602.95618086206,112338.00926566878,37264.946915193286
2022-11-24,738483.0,149851.0689502965,112338.00926566878,37513.05968462771
2022-11-25,738484.0,150054.23616782835,112338.00926566878,37716.22690215958
2022-11-26,738485.0,150655.8482215552,112338.00926566878,38317.83895588642
2022-11-27,738486.0,150108.7448759757,122176.12662594025,27932.618250035463
2022-11-28,738487.0,150575.55714783125,122176.12662594025,28399.430521890994
2022-11-29,738488.0,150567.80546910287,122176.12662594025,28391.678843162626
2022-11-30,738489.0,150418.45656766713,122176.12662594025,28242.32994172687
2022-12-01,738490.0,150789.82924602352,122176.12662594025,28613.702620083277
2022-12-02,738491.0,149569.37453737145,122176.12662594025,27393.247911431186
2022-12-03,738492.0,150028.93850622716,122176.12662594025,27852.8118802869
2022-12-04,738493.0,149791.25377157217,122176.12662594025,27615.127145631915
2022-12-05,738494.0,149422.9910282541,122176.12662594025,27246.86440231384
2022-12-06,738495.0,149438.48484535352,122176.12662594025,27262.358219413276
2022-12-07,738496.0,149264.44190939204,130592.84412198656,18671.59778740549
2022-12-08,738497.0,149834.06569543944,130592.84412198656,19241.221573452876
2022-12-09,738498.0,149967.1516293538,130592.84412198656,19374.30750736723
2022-12-10,738499.0,150002.94413183208,130592.84412198656,19410.10000984551
2022-12-11,738500.0,150451.47675903386,130592.84412198656,19858.63263704731
2022-12-12,738501.0,150719.44964842647,130592.84412198656,20126.6055264399
2022-12-13,738502.0,150618.00403658027,130592.84412198656,20025.159914593696
2022-12-14,738503.0,150938.5858883592,130592.84412198656,20345.74176637264
2022-12-15,738504.0,150712.6699178562,130592.84412198656,20119.825795869627
2022-12-16,738505.0,150344.42451807635,130592.84412198656,19751.58039608978
2022-12-17,738506.0,150597.99550389385,130592.84412198656,20005.151381907293
2022-12-18,738507.0,150200.6534818278,130592.84412198656,19607.809359841223
2022-12-19,738508.0,150757.21587519415,130592.84412198656,20164.37175320758
2022-12-20,738509.0,150841.48376993818,130592.84412198656,20248.63964795162
2022-12-21,738510.0,150836.6104995342,130592.84412198656,20243.76637754765
2022-12-22,738511.0,150696.01699651315,130592.84412198656,20103.172874526594
2022-12-23,738512.0,151220.35135596152,130592.84412198656,20627.507233974946
2022-12-24,738513.0,151219.79063093083,130592.84412198656,20626.946508944264
2022-12-25,738514.0,151836.1308791368,130592.84412198656,21243.286757150236
2022-12-26,738515.0,151789.48046302333,130592.84412198656,21196.63634103676
2022-12-27,738516.0,151678.3602088551,130592.84412198656,21085.516086868527
2022-12-28,738517.0,153273.0775435181,130592.84412198656,22680.233421531542
2022-12-29,738518.0,154438.48125149772,130592.84412198656,23845.63712951117
2022-12-30,738519.0,154222.89129239813,130592.84412198656,23630.047170411563
2022-12-31,738520.0,154316.16040146354,130592.84412198656,23723.316279476978
2023-01-01,738521.0,153739.85320413444,130592.84412198656,23147.00908214788
2023-01-02,738522.0,154382.9385852428,130592.84412198656,23790.09446325624
2023-01-03,738523.0,154496.29109174354,130592.84412198656,23903.446969756962
2023-01-04,738524.0,154851.0814269959,130592.84412198656,24258.23730500933
2023-01-05,738525.0,155119.90697797737,130592.84412198656,24527.062855990807
2023-01-06,738526.0,155394.07958532232,130592.84412198656,24801.23546333576
2023-01-07,738527.0,155221.12743539328,130592.84412198656,24628.283313406708
2023-01-08,738528.0,154131.49859800018,130592.84412198656,23538.654476013613
2023-01-09,738529.0,153988.5622451324,130592.84412198656,23395.718123145823
2023-01-10,738530.0,153040.9567319748,130592.84412198656,22448.11260998823
2023-01-11,738531.0,151773.3135932383,130592.84412198656,21180.469471251723
2023-01-12,738532.0,152187.3787883273,130592.84412198656,21594.534666340744
2023-01-13,738533.0,152340.40770564592,130592.84412198656,21747.563583659354
2023-01-14,738534.0,151605.28888916268,130592.84412198656,21012.444767176105
2023-01-15,738535.0,151351.06593229395,130592.84412198656,20758.22181030739
2023-01-16,738536.0,149670.95318457452,149670.95318457452,0
2023-01-17,738537.0,149670.95318457452,149670.95318457452,0
2023-01-18,738538.0,149670.95318457452,149670.95318457452,0
2023-01-19,738539.0,149670.95318457452,149670.95318457452,0
2023-01-20,738540.0,149670.95318457452,149670.95318457452,0
2023-01-21,738541.0,149670.95318457452,149670.95318457452,0
2023-01-22,738542.0,149670.95318457452,149670.95318457452,0
2023-01-23,738543.0,149670.95318457452,149670.95318457452,0
2023-01-24,738544.0,149670.95318457452,149670.95318457452,0
2023-01-25,738545.0,149670.95318457452,149670.95318457452,0
2023-01-26,738546.0,149670.95318457452,149670.95318457452,0
2023-01-27,738547.0,149670.95318457452,149670.95318457452,0
2023-01-28,738548.0,149670.95318457452,149670.95318457452,0
2023-01-29,738549.0,149670.95318457452,149670.95318457452,0
2023-01-30,738550.0,149670.95318457452,149670.95318457452,0
2023-01-31,738551.0,149670.95318457452,149670.95318457452,0
2023-02-01,738552.0,149670.95318457452,149670.95318457452,0
2023-02-02,738553.0,149670.95318457452,149670.95318457452,0
2023-02-03,738554.0,149670.95318457452,149670.95318457452,0
2023-02-04,738555.0,149670.95318457452,149670.95318457452,0
2023-02-05,738556.0,149670.95318457452,149670.95318457452,0
2023-02-06,738557.0,149670.95318457452,149670.95318457452,0
2023-02-07,738558.0,149670.95318457452,149670.95318457452,0
2023-02-08,738559.0,149670.95318457452,149670.95318457452,0
2023-02-09,738560.0,149670.95318457452,149670.95318457452,0
2023-02-10,738561.0,149670.95318457452,149670.95318457452,0
2023-02-11,738562.0,149670.95318457452,149670.95318457452,0
2023-02-12,738563.0,149670.95318457452,149670.95318457452,0
2023-02-13,738564.0,149670.95318457452,149670.95318457452,0
2023-02-14,738565.0,149670.95318457452,149670.95318457452,0
2023-02-15,738566.0,149670.95318457452,149670.95318457452,0
2023-02-16,738567.0,149670.95318457452,149670.95318457452,0
2023-02-17,738568.0,149670.95318457452,149670.95318457452,0
2023-02-18,738569.0,149670.95318457452,149670.95318457452,0
2023-02-19,738570.0,149670.95318457452,149670.95318457452,0
2023-02-20,738571.0,149670.95318457452,149670.95318457452,0
2023-02-21,738572.0,149670.95318457452,149670.95318457452,0
2023-02-22,738573.0,149670.95318457452,149670.95318457452,0
2023-02-23,738574.0,149670.95318457452,149670.95318457452,0
2023-02-24,738575.0,149670.95318457452,149670.95318457452,0
2023-02-25,738576.0,149670.95318457452,149670.95318457452,0
2023-02-26,738577.0,149670.95318457452,149670.95318457452,0
2023-02-27,738578.0,149670.95318457452,149670.95318457452,0
2023-02-28,738579.0,149670.95318457452,149670.95318457452,0
2023-03-01,738580.0,149670.95318457452,149670.95318457452,0
2023-03-02,738581.0,149670.95318457452,149670.95318457452,0
2023-03-03,738582.0,149670.95318457452,149670.95318457452,0
2023-03-04,738583.0,149670.95318457452,149670.95318457452,0
2023-03-05,738584.0,149670.95318457452,149670.95318457452,0
2023-03-06,738585.0,149670.95318457452,149670.95318457452,0
2023-03-07,738586.0,149670.95318457452,149670.95318457452,0
2023-03-08,738587.0,149670.95318457452,149670.95318457452,0
2023-03-09,738588.0,149670.95318457452,149670.95318457452,0
2023-03-10,738589.0,149670.95318457452,149670.95318457452,0
2023-03-11,738590.0,149670.95318457452,149670.95318457452,0
2023-03-12,738591.0,149670.95318457452,149670.95318457452,0
2023-03-13,738592.0,149670.95318457452,149670.95318457452,0
2023-03-14,738593.0,149670.95318457452,149670.95318457452,0
2023-03-15,738594.0,149670.95318457452,149670.95318457452,0
2023-03-16,738595.0,149670.95318457452,149670.95318457452,0
2023-03-17,738596.0,149670.95318457452,149670.95318457452,0
2023-03-18,738597.0,149670.95318457452,149670.95318457452,0
2023-03-19,738598.0,149670.95318457452,149670.95318457452,0
2023-03-20,738599.0,149670.95318457452,149670.95318457452,0
2023-03-21,738600.0,149670.95318457452,149670.95318457452,0
2023-03-22,738601.0,149670.95318457452,149670.95318457452,0
2023-03-23,738602.0,149670.95318457452,149670.95318457452,0
2023-03-24,738603.0,149670.95318457452,149670.95318457452,0
2023-03-25,738604.0,149670.95318457452,149670.95318457452,0
2023-03-26,738605.0,149670.95318457452,149670.95318457452,0
2023-03-27,738606.0,149670.95318457452,149670.95318457452,0
2023-03-28,738607.0,149670.95318457452,149670.95318457452,0
2023-03-29,738608.0,149670.95318457452,149670.95318457452,0
2023-03-30,738609.0,149670.95318457452,149670.95318457452,0
2023-03-31,738610.0,149670.95318457452,149670.95318457452,0
2023-04-01,738611.0,149670.95318457452,149670.95318457452,0
2023-04-02,738612.0,149670.95318457452,149670.95318457452,0
2023-04-03,738613.0,149670.95318457452,149670.95318457452,0
2023-04-04,738614.0,149670.95318457452,149670.95318457452,0
2023-04-05,738615.0,149670.95318457452,149670.95318457452,0
2023-04-06,738616.0,149670.95318457452,149670.95318457452,0
2023-04-07,738617.0,149670.95318457452,149670.95318457452,0
2023-04-08,738618.0,149670.95318457452,149670.95318457452,0
2023-04-09,738619.0,149670.95318457452,149670.95318457452,0
2023-04-10,738620.0,149670.95318457452,149670.95318457452,0
2023-04-11,738621.0,149670.95318457452,149670.95318457452,0
2023-04-12,738622.0,149670.95318457452,149670.95318457452,0
2023-04-13,738623.0,149670.95318457452,149670.95318457452,0
2023-04-14,738624.0,149670.95318457452,149670.95318457452,0
2023-04-15,738625.0,149670.95318457452,149670.95318457452,0
2023-04-16,738626.0,149670.95318457452,149670.95318457452,0
2023-04-17,738627.0,149670.95318457452,149670.95318457452,0
2023-04-18,738628.0,149670.95318457452,149670.95318457452,0
2023-04-19,738629.0,149670.95318457452,149670.95318457452,0
2023-04-20,738630.0,149670.95318457452,149670.95318457452,0
2023-04-21,738631.0,149670.95318457452,149670.95318457452,0
2023-04-22,738632.0,149670.95318457452,149670.95318457452,0
2023-04-23,738633.0,149670.95318457452,149670.95318457452,0
2023-04-24,738634.0,149670.95318457452,149670.95318457452,0
2023-04-25,738635.0,149670.95318457452,149670.95318457452,0
2023-04-26,738636.0,149670.95318457452,149670.95318457452,0
2023-04-27,738637.0,149670.95318457452,149670.95318457452,0
2023-04-28,738638.0,149670.95318457452,149670.95318457452,0
2023-04-29,738639.0,149670.95318457452,149670.95318457452,0
2023-04-30,738640.0,149670.95318457452,149670.95318457452,0
2023-05-01,738641.0,149670.95318457452,149670.95318457452,0
2023-05-02,738642.0,149670.95318457452,149670.95318457452,0
2023-05-03,738643.0,149670.95318457452,149670.95318457452,0
2023-05-04,738644.0,149670.95318457452,149670.95318457452,0
2023-05-05,738645.0,149670.95318457452,149670.95318457452,0
2023-05-06,738646.0,149670.95318457452,149670.95318457452,0
2023-05-07,738647.0,149670.95318457452,149670.95318457452,0
2023-05-08,738648.0,149670.95318457452,149670.95318457452,0
2023-05-09,738649.0,149670.95318457452,149670.95318457452,0
2023-05-10,738650.0,149670.95318457452,149670.95318457452,0
2023-05-11,738651.0,149670.95318457452,149670.95318457452,0
2023-05-12,738652.0,149670.95318457452,149670.95318457452,0
2023-05-13,738653.0,149670.95318457452,149670.95318457452,0
2023-05-14,738654.0,149670.95318457452,149670.95318457452,0
2023-05-15,738655.0,149670.95318457452,149670.95318457452,0
2023-05-16,738656.0,149670.95318457452,149670.95318457452,0
2023-05-17,738657.0,149670.95318457452,149670.95318457452,0
2023-05-18,738658.0,149670.95318457452,149670.95318457452,0
2023-05-19,738659.0,149670.95318457452,149670.95318457452,0
2023-05-20,738660.0,149670.95318457452,149670.95318457452,0
2023-05-21,738661.0,149670.95318457452,149670.95318457452,0
2023-05-22,738662.0,149670.95318457452,149670.95318457452,0
2023-05-23,738663.0,149670.95318457452,149670.95318457452,0
2023-05-24,738664.0,149670.95318457452,149670.95318457452,0
2023-05-25,738665.0,149670.95318457452,149670.95318457452,0
2023-05-26,738666.0,149670.95318457452,149670.95318457452,0
2023-05-27,738667.0,149670.95318457452,149670.95318457452,0
2023-05-28,738668.0,149670.95318457452,149670.95318457452,0
2023-05-29,738669.0,149670.95318457452,149670.95318457452,0
2023-05-30,738670.0,149670.95318457452,149670.95318457452,0
2023-05-31,738671.0,149670.95318457452,149670.95318457452,0
2023-06-01,738672.0,149670.95318457452,149670.95318457452,0
2023-06-02,738673.0,149670.95318457452,149670.95318457452,0
2023-06-03,738674.0,149670.95318457452,149670.95318457452,0
2023-06-04,738675.0,149670.95318457452,149670.95318457452,0
2023-06-05,738676.0,149670.95318457452,149670.95318457452,0
2023-06-06,738677.0,149670.95318457452,149670.95318457452,0
2023-06-07,738678.0,149670.95318457452,149670.95318457452,0
2023-06-08,738679.0,149670.95318457452,149670.95318457452,0
2023-06-09,738680.0,149670.95318457452,149670.95318457452,0
2023-06-10,738681.0,149250.63614507447,140586.02237065515,8664.613774419317
2023-06-11,738682.0,149774.80842660659,140586.02237065515,9188.786055951425
2023-06-12,738683.0,149802.60269139832,140586.02237065515,9216.580320743184
2023-06-13,738684.0,150113.88922319553,140586.02237065515,9527.866852540386
2023-06-14,738685.0,150275.5657423879,140586.02237065515,9689.543371732741
2023-06-15,738686.0,150191.5505287572,143037.53460770057,7154.015921056618
2023-06-16,738687.0,150238.72246994267,143037.53460770057,7201.1878622421045
2023-06-17,738688.0,150220.65751354702,143037.53460770057,7183.122905846459
2023-06-18,738689.0,150252.0215638982,143037.53460770057,7214.486956197617
2023-06-19,738690.0,150327.68743094636,150327.68743094636,0.0
