symbol,entry_date,exit_date,entry,exit,pnl,r_multiple,fees,holding_days,mae,mfe,reason
ETH,2022-03-25,2022-04-11,3112.305375,3135.05554630294,145.94155562481143,0.29188311124962285,5.33773944275732,17,-0.5570764574147149,1.606422897839488,STOP
BNB,2022-03-31,2022-04-11,442.32105,410.3436441164196,-501.668207954681,-1.0000000000000002,6.6003923071930775,11,-1.6089902599645391,0.5564294621569794,STOP
BNB,2022-07-19,2022-09-06,264.23205,270.19443389383673,419.14205816562867,0.841276761993526,5.320665114860876,49,-0.9697868675640453,2.857068125310082,STOP
ETH,2022-10-26,2022-11-08,1460.46987,1462.130186335417,121.6558860196839,0.24315757267783372,5.34916467833324,13,-1.6702717453267728,1.6119716135895872,STOP
BCH,2022-11-05,2022-11-08,124.4622,112.13256316870931,-513.971617460577,-1.0,4.8844648047203005,3,-2.400464250146045,0.1252938994329887,STOP
XRP,2022-11-05,2022-11-08,0.5065531499999999,0.4571991264929147,-513.8014148475548,-1.0,4.968078099810093,3,-3.4819760208837045,0.07016444331825165,STOP
LTC,2022-10-26,2022-11-09,55.94796,51.56858457454701,113.6717556745526,0.22634067717922354,6.398197677003365,14,-1.9174939670801594,3.9994779149107584,STOP
BNB,2022-10-29,2022-11-09,298.04894999999993,279.497381992627,110.95062241771612,0.22034296588307553,8.025287716070347,11,-2.0556954780979644,5.44494973201564,STOP
ETH,2022-12-14,2022-12-16,1321.350345,1212.6989001464715,-496.90960318819793,-1.0,5.727851792636434,2,-1.5366806840775131,0.2903393527531096,STOP
ADA,2023-01-07,2023-02-09,0.27863925,0.3546186454956941,1243.7150396858353,2.5154773745285355,7.144581064279322,33,-0.3057214099713187,6.508718031436927,STOP
BCH,2023-01-10,2023-02-09,106.8534,124.31394483578636,1055.9741154784822,2.1128631365740382,9.123240720264981,30,-0.22325035359672402,6.06154236994046,STOP
ETH,2023-01-10,2023-02-10,1321.0602000000001,1500.149999592247,994.7063661188494,1.989485389195405,9.981951139062998,31,-0.06286911649609264,5.808771668317851,STOP
BNB,2023-01-09,2023-02-13,275.03745,295.3608604975209,667.0787621561542,1.3371718430124122,8.815363758457288,35,-0.3063906941093461,3.975206205453822,STOP
DOT,2023-01-09,2023-03-03,4.828412999999999,5.827704001526598,1171.6509419861359,2.350465930319533,8.484808571352996,53,-0.09537004854425501,10.309977872731041,STOP
LTC,2023-01-10,2023-03-03,81.65080499999999,87.93819138505923,572.2458337526608,1.1433930299029533,5.7417166931456975,52,-0.30095167015729835,3.2603740165796515,STOP
DOT,2023-04-14,2023-04-20,6.637317,6.1442666300237185,-523.7449228574338,-1.0,6.701779953711563,6,-1.172131246656672,0.7402045855010053,STOP
ADA,2023-04-14,2023-04-21,0.42531254999999996,0.38746757384541575,-522.8854533315309,-1.0,5.555238224829318,7,-1.232699548511396,0.9664367328767997,STOP
ETH,2023-04-14,2023-04-21,2013.0059999999999,1865.744643265664,-524.2187310723817,-0.9999999999999998,6.814020656400562,7,-1.2848257148534155,0.8783963726315606,STOP
AVAX,2023-04-15,2023-04-21,19.229609999999997,17.53231022873611,-268.05086908789076,-0.5084047127970984,5.778240099824556,6,-1.4862697986537572,1.3801300903665243,STOP
LINK,2023-04-15,2023-04-21,7.7468715,7.104004076058924,-268.1971670389788,-0.5089331831978221,6.146822637141058,6,-1.1588545087040316,1.6441515181138777,STOP
LTC,2023-05-18,2023-05-24,93.92693999999999,84.71446065793204,-510.7796389901353,-1.0000000000000002,4.904770567033066,6,-1.0465468244108536,0.03086770826093973,STOP
BNB,2023-03-17,2023-06-05,329.56469999999996,297.242076490578,-522.9519104681474,-0.9999999999999998,5.021901138394365,80,-1.7891722695179242,0.6351509185191573,STOP
SOL,2023-06-05,2023-06-05,21.840914999999995,20.060307788888537,-507.00594654706975,-1.0,5.896055307292384,0,-1.5875744884039689,0.12373684611309467,STOP
XRP,2023-05-30,2023-06-10,0.49484729999999993,0.47363726314923876,-117.96329648039405,-0.2320276001600497,7.231663374695016,11,-0.6756317127108014,1.542239915591459,STOP
ETH,2023-07-14,2023-07-17,2005.492245,1876.360248518007,-503.00745670675366,-1.0,7.448528305560334,3,-1.0315062993553819,0.1842354189716137,STOP
BNB,2023-07-14,2023-07-18,256.32809999999995,237.69245727503525,-504.12292078877766,-1.0,6.59459998061925,4,-1.0168152172697744,0.2901105085298865,STOP
LINK,2023-07-14,2023-08-04,7.128562499999999,7.0645116773951955,83.42637373678052,0.166290715586635,5.143790895048832,21,-0.981562091716721,1.9317525295856337,STOP
UNI,2023-08-01,2023-08-05,6.531263999999999,5.988474118226499,-501.0603692653559,-1.0,5.712728760108833,4,-1.0990560076751594,0.3033304472759195,STOP
UNI,2023-10-02,2023-10-04,4.658327999999999,4.325429089474278,-502.4263859872145,-1.0,6.689092816503919,2,-1.2950786951905404,0.08971530005905426,STOP
BCH,2023-09-28,2023-10-09,229.41465,218.00953879637828,-69.9548296085029,-0.13954970648212886,5.004766566778364,11,-0.8358712345914894,1.2033104492426168,STOP
SOL,2023-10-01,2023-10-09,21.380685,21.93111922043865,231.92098513775173,0.4609039900086573,6.081430473529748,8,-0.14130360771417563,1.9273652009940574,STOP
ADA,2023-10-02,2023-10-09,0.26603295,0.25054896406573235,-505.13063400050794,-1.0,8.287916403929492,7,-1.1220355542171534,0.23225024871947728,STOP
AVAX,2023-10-02,2023-10-12,9.754875,9.042658818956497,113.22683209347161,0.22465775580392588,6.873140021408119,10,-1.2362359201750952,3.002892824531621,STOP
BNB,2023-10-24,2023-11-14,228.71429999999998,235.2894176066874,482.84453358844513,0.9608189338749829,9.080343644067383,21,-0.7503490728415293,2.3096284374589,STOP
XRP,2023-10-25,2023-11-14,0.55897935,0.6092364077150351,614.66915758075,1.2225525499251892,5.893074399476445,20,-0.5343774032988855,3.854970719578283,STOP
LINK,2023-09-19,2023-12-11,6.5692829999999995,14.118537928576119,3387.461155588634,6.8158295717734765,6.968376969400897,83,-0.08896635593313229,17.626291483192002,STOP
BCH,2023-12-05,2023-12-11,252.42615,232.01620099372153,-545.6255591660882,-1.0,6.3994274286471455,6,-2.0856605049646553,0.6343709619665202,STOP
DOGE,2023-10-24,2023-12-18,0.06745370999999999,0.08634381698774303,1331.7934692193417,2.6538549430312384,7.614258913996976,55,-0.685161446349319,8.339511345859757,STOP
BNB,2023-12-13,2023-12-18,254.72729999999999,235.35080583173982,-561.9415193849682,-1.0,7.01767879971739,5,-1.1801019442645009,0.06089177113159086,STOP
ADA,2023-10-24,2024-01-03,0.2809404,0.53851526608129,3629.664198233916,7.21928685699184,8.955118096970315,71,-0.3939876778108322,20.578054174142686,STOP
ETH,2023-12-05,2024-01-03,2244.48168,2130.817572076814,-179.69554740566198,-0.32947038425268843,7.92300297445777,29,-0.9655724972645547,1.3454123248532632,STOP
DOT,2023-10-24,2024-01-23,4.360179,6.270836521315054,1613.5459476151057,3.2182305791292456,6.52289504766145,91,-0.9300932339717954,13.898638715301397,STOP
ETH,2024-02-13,2024-03-15,2661.319995,3607.6575578916077,1868.4019374740315,3.3803373496532054,9.230878466543173,31,-0.4108800501597588,8.2533202913611,STOP
ADA,2024-02-10,2024-03-16,0.5409703499999999,0.650884909948754,1005.3589795889064,1.8327383371786554,6.495379082273834,35,-0.2658769708851509,5.522991993943642,STOP
UNI,2024-02-10,2024-03-19,6.6573269999999996,10.56437136460172,2303.820909582505,4.199223961447838,7.660488424068457,38,-0.3212057176292856,18.82502940359628,STOP
BCH,2024-02-10,2024-04-12,250.42515,533.2734283174404,5462.393061657921,9.947474843495112,11.722537379652536,62,-0.49688395514850714,31.39004151144322,STOP
BNB,2023-12-21,2024-04-13,260.5302,525.9594968563491,4089.64514387655,7.3439712958059795,9.295305043005126,114,-0.22034742666389226,19.574384680918733,STOP
DOGE,2024-02-15,2024-04-13,0.085532745,0.15809520745637784,3544.6752212384795,6.275577696738473,9.179921485144831,58,-0.5641269168286133,22.383546305923975,STOP
LTC,2024-05-21,2024-05-23,88.68432,81.94815356926745,-634.3495184207449,-1.0,7.933805061986737,2,-1.217940356809128,0.14124805460507453,STOP
DOT,2024-05-22,2024-05-31,7.612804499999999,6.8902594264299415,-631.9376503157051,-1.0000000000000002,6.279168792070211,9,-1.1261389292765212,0.22555402779741446,STOP
ADA,2024-05-18,2024-06-07,0.48274124999999996,0.43584722664726094,-633.5723342082715,-1.0,6.145210884190185,20,-1.2306380456017079,0.596853962142306,STOP
BNB,2024-05-22,2024-06-18,618.80925,577.3776274534898,167.8699796626812,0.26551793979836746,8.635994283569868,27,-0.9759852504899121,2.294434461601005,STOP
BNB,2024-09-20,2024-09-30,567.18345,570.0533697633911,174.84854609726094,0.27979689609106256,8.211420066235048,10,-0.2843741336617125,1.2001146524280182,STOP
ADA,2024-09-25,2024-10-01,0.38799389999999995,0.3518470269994064,-625.8346424925281,-0.9999999999999998,6.339796544640442,6,-1.2675231596457393,0.7730173494573943,STOP
DOT,2024-09-25,2024-10-01,4.638318,4.204509250195361,-625.2101327876017,-1.0,6.3079012590593795,6,-1.3604600284918125,0.7544079067886074,STOP
DOGE,2024-09-27,2024-10-01,0.118229085,0.1064226732520166,-320.3114224441053,-0.5074384584918387,6.10446473169447,4,-1.3297757079141828,1.180184624598462,STOP
BCH,2024-09-28,2024-10-01,358.9794,327.98398214692503,-632.5438331836477,-0.9999999999999998,6.932828805744631,3,-1.5626759661689695,0.06878065426007704,STOP
ETH,2024-09-24,2024-10-02,2648.30349,2407.4484376222536,-627.7263792572543,-1.0,6.519826336166462,8,-1.2363972141910453,0.33505640204664355,STOP
SOL,2024-10-25,2024-10-25,177.278595,160.46927933784414,-609.7975103530285,-1.0,6.065364380971333,0,-1.0854534413969286,0.019212398499563344,STOP
BCH,2024-10-15,2024-11-03,369.7848,335.2804516940187,-611.6284972715218,-1.0,6.185837470876669,19,-1.04800051896311,0.5712617488374299,STOP
LTC,2024-11-11,2024-11-12,76.61828999999999,69.81339790237215,-617.7042578054983,-1.0000000000000002,6.57531677775443,1,-1.273017845980103,0.9101534981712253,STOP
XRP,2024-11-11,2024-12-09,0.58879425,2.026337564114261,8566.844831318394,13.834918354029211,10.942409538241051,28,-0.34268985434128074,42.99603976804537,STOP
ETH,2024-11-09,2024-12-19,2963.2308749999997,3409.7831181043293,913.2218882398327,1.5081579902164375,6.75424076386872,40,-0.033893424945366596,4.074559085480341,STOP
DOT,2024-11-10,2024-12-19,4.634315999999999,7.031049866449679,2015.5176914216813,3.3151528160957002,7.101320287436628,39,-0.11468941872694013,15.377896446845652,STOP
BNB,2024-11-10,2024-12-20,624.9823349999999,623.151347242277,425.38751350287265,0.6998324491128252,8.160414467364813,40,-0.6803838283104723,3.598284692579908,STOP
SOL,2025-05-09,2025-05-19,164.54223,161.11182444016288,44.51028134013329,0.0665719459396402,7.186018907723407,10,-0.3371587046791724,1.343933180053221,STOP
XRP,2025-05-11,2025-05-28,2.47233555,2.2449022949013284,-670.8032964317524,-1.0000000000000002,6.885227577981205,17,-1.0862767294319875,0.8066999002241534,STOP
DOT,2025-05-09,2025-05-30,4.4572275,4.2701919009333515,345.46190869980757,0.5186415886153395,6.77723946606771,21,-1.0128735913665945,2.1256698842271735,STOP
BNB,2025-05-09,2025-06-05,629.4845849999999,635.9273204308831,534.837753872425,0.807866001249186,14.254970932367439,27,-0.22027495099684413,2.3619380438605977,STOP
ETH,2025-06-11,2025-06-13,2817.8182049999996,2536.212579126344,-663.3077388041886,-1.0,6.24619575274629,2,-1.35850194921586,0.21902859822809279,STOP
SOL,2025-07-11,2025-07-30,164.41216500000002,170.36089586797772,616.7196487847904,0.9162851930555271,7.437533533419307,19,-0.4694541922684899,2.7379515432743062,STOP
LTC,2025-07-04,2025-08-01,89.12454,103.21096135582869,1054.2150513643028,1.5973168296612594,7.830383529559661,28,-0.4997718638800702,4.180854212756063,STOP
LINK,2025-07-10,2025-08-01,14.257124999999998,16.53957636830136,1034.6213143273842,1.5565095669660372,7.426639682292359,22,-0.0792167842715915,4.4537950018181585,STOP
ETH,2025-07-10,2025-08-02,2770.1243699999995,3414.7905067736015,1335.3094616253095,2.0161166910593415,8.032231702691512,23,-0.05960567778525108,4.772228515032447,STOP
XRP,2025-07-10,2025-08-02,2.4050019,2.859250248299346,1258.8776237468994,1.887245709806236,8.877999560569398,23,-0.06225600917870252,6.568258214174262,STOP
DOT,2025-09-14,2025-09-15,4.4942459999999995,4.104394719492778,-709.7643626214126,-1.0,7.741975701999733,1,-1.006312418082699,0.009680296063209266,STOP
ETH,2025-08-09,2025-09-22,4011.514755,4340.966218146754,792.7027023126757,1.1385515194252676,7.396124967358421,44,-0.012410563479703415,2.4016095644980755,STOP
BNB,2025-07-11,2025-10-10,686.1428999999999,910.9451712161443,3419.5941947302113,5.084113216506324,19.785836290794474,91,-0.441834462882679,27.050929812570853,STOP
LTC,2025-10-10,2025-10-10,125.96294999999999,113.89851408430461,-716.6396842200693,-1.0,7.053885066313967,0,-6.100620877810681,0.8350684931166826,STOP
