timestamp,stablecoin_growth_30d_pct,btc_etf_flow_5d_usd,eth_etf_flow_5d_usd,total_market_trend_30d_pct,btc_trend_30d_pct,funding_rate,oi_growth_7d_pct
2021-01-31,33.80301332814797,,,,12.823297941577882,,
2021-02-01,31.456778572841237,,,,4.189278933990681,,
2021-02-02,26.77776830282783,,,,7.473291707133756,,
2021-02-03,21.21334052375754,,,,17.60045966217456,,
2021-02-04,30.618966705470196,,,,8.798737419928958,,
2021-02-05,28.86265376524244,,,,4.136269981310514,,
2021-02-06,28.45799604013346,,,,-0.6221806093890447,,
2021-02-07,28.443426669713666,,,,-4.403637894960932,,
2021-02-08,29.44419693547522,,,,15.682038264607412,,
2021-02-09,29.33953058966987,,,,21.67862559442957,,
2021-02-10,33.46791797891109,,,,26.55910397754859,,
2021-02-11,34.49332224220034,,,,40.87448797753035,,
2021-02-12,34.01177425747643,,,,26.53426231517273,,
2021-02-13,37.28016122440074,,,,20.46057555978491,,
2021-02-14,38.69048082513529,,,,32.21245205107366,,
2021-02-15,38.22230145472243,,,,33.104949634643475,,
2021-02-16,38.665196327221274,,,,37.134680915614624,,
2021-02-17,41.507041275162294,,,,42.28201752218803,,
2021-02-18,39.64258892965109,,,,43.634605306160324,,
2021-02-19,41.33232016067565,,,,57.62275140315711,,
2021-02-20,45.43524619714163,,,,81.00795685463886,,
2021-02-21,46.57354540503482,,,,74.25489077761627,,
2021-02-22,45.4522393964836,,,,68.61297462435314,,
2021-02-23,46.53403499501354,,,,51.55347660718104,,
2021-02-24,45.85909008045006,,,,54.014670957580705,,
2021-02-25,47.746696936150435,,,,44.98602768222148,,
2021-02-26,44.926339659457156,,,,52.39623725760427,,
2021-02-27,44.193551309910696,,,,38.18859123041427,,
2021-02-28,40.82650534606395,,,,31.774484558656102,,
2021-03-01,42.55308837195098,,,,44.72522449951668,,
2021-03-02,43.373281229647546,,,,46.377419017568066,,
2021-03-03,45.36564489077022,,,,50.178411799428325,,
2021-03-04,44.10780936679068,,,,36.39475174137432,,
2021-03-05,51.11589494076172,,,,29.593765043979236,,
2021-03-06,41.344555927586455,,,,32.340606865915845,,
2021-03-07,40.22245281092489,,,,33.11943200147087,,
2021-03-08,35.9464363822807,,,,33.654656372760904,,
2021-03-09,34.97704996555486,,,,41.47061181280702,,
2021-03-10,33.57709076083846,,,,20.435033025429483,,
2021-03-11,33.14821851651855,,,,24.456349167026083,,
2021-03-12,30.095097202331033,,,,27.705446266011236,,
2021-03-13,29.970110932518978,,,,27.55683766625925,,
2021-03-14,29.365475330476308,,,,24.70142278313976,,
2021-03-15,28.331991668254798,,,,17.92332689127827,,
2021-03-16,28.573509032873012,,,,17.13326192895972,,
2021-03-17,28.749463561809296,,,,22.96309206008629,,
2021-03-18,28.15602263931045,,,,17.329762107077773,,
2021-03-19,26.30813015842246,,,,11.339855881776796,,
2021-03-20,26.402268020093533,,,,12.704849027983078,,
2021-03-21,26.982360132249173,,,,2.5856974206704075,,
2021-03-22,23.15711020274216,,,,-3.148106263494743,,
2021-03-23,22.48842259253836,,,,-5.3435924287959065,,
2021-03-24,22.16094216121174,,,,-3.298385750393751,,
2021-03-25,21.21252153461599,,,,4.91456505287271,,
2021-03-26,21.578641892537085,,,,10.768516915545078,,
2021-03-27,23.09102916389234,,,,18.573862746801662,,
2021-03-28,23.931728370158044,,,,20.53025625976863,,
2021-03-29,23.08080588076804,,,,25.00527583679759,,
2021-03-30,23.09393259001653,,,,30.1555577120175,,
2021-03-31,20.441250696430725,,,,18.459504430896544,,
2021-04-01,21.559085876951922,,,,21.22141218171103,,
2021-04-02,18.411684065199687,,,,17.081921779756136,,
2021-04-03,24.16874609442918,,,,17.93904546834888,,
2021-04-04,23.76834166680912,,,,19.384550818832814,,
2021-04-05,24.24761381859546,,,,20.96425692787969,,
2021-04-06,25.567346985066862,,,,13.771157552958257,,
2021-04-07,25.65690583742486,,,,6.832016010640163,,
2021-04-08,27.040986231843632,,,,5.8177080960927,,
2021-04-09,25.0725986198336,,,,4.101852785211668,,
2021-04-10,24.94197210594329,,,,3.454839582948188,,
2021-04-11,24.661583053213263,,,,4.85953585456711,,
2021-04-12,25.519393876234496,,,,-2.1709837438115276,,
2021-04-13,25.167207783294376,,,,7.812145201380205,,
2021-04-14,27.387827195774506,,,,13.225975268500068,,
2021-04-15,26.519614266048475,,,,11.000259223296705,,
2021-04-16,27.271520240015846,,,,4.110860477752176,,
2021-04-17,30.206321262777912,,,,4.091197359985133,,
2021-04-18,30.55251598012414,,,,-3.2397030433046647,,
2021-04-19,35.12223645556607,,,,-4.249643903819267,,
2021-04-20,33.08145958430544,,,,-1.6155794192869388,,
2021-04-21,34.11923610660157,,,,-0.5466017667207557,,
2021-04-22,34.18305559334493,,,,-4.876493557613792,,
2021-04-23,35.1854560396484,,,,-2.2532079501143887,,
2021-04-24,35.2537713790589,,,,-2.429027457130284,,
2021-04-25,34.746171078040256,,,,-10.829179659863708,,
2021-04-26,32.81598167166655,,,,-3.2530330289226583,,
2021-04-27,33.09092882128502,,,,-1.3727008479922809,,
2021-04-28,32.18240311585987,,,,-4.839467779129758,,
2021-04-29,34.28597523768726,,,,-8.837230837476984,,
2021-04-30,33.14466445443453,,,,-1.7811886337462002,,
2021-05-01,33.008301093740286,,,,-1.566864962183523,,
2021-05-02,33.467895560382075,,,,-4.0234089866990725,,
2021-05-03,30.544096398768627,,,,0.20586504157438235,,
2021-05-04,30.062067108068113,,,,-8.594204908043556,,
2021-05-05,32.58631284760083,,,,-2.864671548227893,,
2021-05-06,31.270208608255135,,,,-2.75467894670135,,
2021-05-07,31.998620299448266,,,,2.4329152179177527,,
2021-05-08,31.419419884598266,,,,1.3508324735629351,,
2021-05-09,30.75234743373274,,,,0.1690672612513877,,
2021-05-10,32.17068603387418,,,,-6.613765333375266,,
2021-05-11,34.023985235409924,,,,-5.5537917381012765,,
2021-05-12,33.40949167261162,,,,-17.087671232876712,,
2021-05-13,33.76050643706083,,,,-21.87027919779787,,
2021-05-14,28.411734721140647,,,,-20.83573368479721,,
2021-05-15,28.582454189371465,,,,-25.96104368620763,,
2021-05-16,27.54184114708402,,,,-24.298277649882294,,
2021-05-17,24.62596756134787,,,,-27.444653643445584,,
2021-05-18,25.7598231573839,,,,-23.68695927213549,,
2021-05-19,20.446458330129612,,,,-34.049938579774576,,
2021-05-20,18.658466619388303,,,,-28.176092157731503,,
2021-05-21,19.588915407249807,,,,-30.742421631144556,,
2021-05-22,21.64450795565598,,,,-27.55071679844986,,
2021-05-23,21.9540589797532,,,,-32.21485554856183,,
2021-05-24,23.157751442040798,,,,-22.481589615056308,,
2021-05-25,24.007850539210484,,,,-21.89271884006222,,
2021-05-26,23.226104191253725,,,,-27.331666833020407,,
2021-05-27,23.958077187093952,,,,-29.960734000254853,,
2021-05-28,25.228021974693537,,,,-34.97548235776322,,
2021-05-29,24.897248056447594,,,,-35.38390439734852,,
2021-05-30,24.866759621599233,,,,-38.22389987775217,,
2021-05-31,20.53803766708984,,,,-35.547454107992735,,
2021-06-01,23.796024199623744,,,,-35.146251533938596,,
2021-06-02,22.756857834845423,,,,-34.28532296741316,,
2021-06-03,22.567825326427293,,,,-26.227852212809733,,
2021-06-04,20.126210001096357,,,,-35.878317664619,,
2021-06-05,19.62118215056141,,,,-37.02627670334691,,
2021-06-06,19.224571257451785,,,,-37.54433195643355,,
2021-06-07,19.520890562418746,,,,-42.99758503144216,,
2021-06-08,18.504961049764713,,,,-42.68487542418688,,
2021-06-09,17.55050693495923,,,,-33.015701193239074,,
2021-06-10,15.83384004199746,,,,-35.28197096101253,,
2021-06-11,14.361854055559075,,,,-24.781408191440402,,
2021-06-12,14.093831222505981,,,,-28.436851545278863,,
2021-06-13,14.983648559514684,,,,-21.71060432631875,,
2021-06-14,14.323586605421458,,,,-13.358213407654207,,
2021-06-15,14.395863299931255,,,,-13.541367390672276,,
2021-06-16,13.95770446755722,,,,-11.91838217797585,,
2021-06-17,11.370140724477086,,,,-11.101130507554524,,
2021-06-18,12.21334889219252,,,,-2.3718938819719426,,
2021-06-19,13.77153635563133,,,,-12.443469283414554,,
2021-06-20,11.96387679319615,,,,-4.434257372957862,,
2021-06-21,9.923058946801433,,,,-15.596374126061797,,
2021-06-22,8.947427158603682,,,,-6.191529421949049,,
2021-06-23,8.480920043414786,,,,-13.192550112394773,,
2021-06-24,7.9890764295582395,,,,-9.554225053699039,,
2021-06-25,7.833139575435566,,,,-19.513474242206875,,
2021-06-26,6.865185501632465,,,,-16.211609764656,,
2021-06-27,6.0484865211476,,,,-2.700661096264001,,
2021-06-28,5.448920833765247,,,,-0.3186230951173541,,
2021-06-29,5.434608191973389,,,,0.7588394016262878,,
2021-06-30,7.103704129572153,,,,-5.929084837228727,,
2021-07-01,4.1718194809432285,,,,-8.689374484405633,,
2021-07-02,3.745358734197324,,,,-10.067242181519276,,
2021-07-03,4.438616957651287,,,,-11.663781929681393,,
2021-07-04,3.80615383513101,,,,-4.188248391213445,,
2021-07-05,3.1162255229137736,,,,-5.133471497921893,,
2021-07-06,3.443750018431513,,,,-4.403526508737898,,
2021-07-07,3.325606983239582,,,,0.9219203529721387,,
2021-07-08,3.711607463154465,,,,-1.513144827821733,,
2021-07-09,3.48993962665336,,,,-9.554496690787573,,
2021-07-10,3.18507794670555,,,,-8.651091239653919,,
2021-07-11,3.6434678820448596,,,,-8.231521606943982,,
2021-07-12,3.6502257480258926,,,,-6.9191256089625615,,
2021-07-13,3.674340450629976,,,,-16.121753218879164,,
2021-07-14,3.376886613826402,,,,-18.995495392100324,,
2021-07-15,3.256981860373176,,,,-20.585969922309765,,
2021-07-16,3.8323776632264606,,,,-18.162502760827472,,
2021-07-17,3.7487243751831656,,,,-17.25488981300225,,
2021-07-18,3.875318969075403,,,,-11.282239116645954,,
2021-07-19,4.061154033370262,,,,-13.087889319383649,,
2021-07-20,3.5319099738099213,,,,-16.31961766463972,,
2021-07-21,3.316745670541965,,,,1.694394590389492,,
2021-07-22,3.935993234996893,,,,-0.6820455275309723,,
2021-07-23,3.096576213385105,,,,-0.1305894310451916,,
2021-07-24,3.22017303168296,,,,-1.1682455314860785,,
2021-07-25,3.2901979554306626,,,,12.020377115954206,,
2021-07-26,3.608977612760711,,,,15.345074054513663,,
2021-07-27,3.0310449555294605,,,,13.710326757605284,,
2021-07-28,3.411439561283869,,,,16.01590844325058,,
2021-07-29,3.5081863812015834,,,,11.430109326395588,,
2021-07-30,4.0733663173248,,,,20.43478384933657,,
2021-07-31,4.129125334273653,,,,23.749331809964502,,
2021-08-01,3.4066577538192533,,,,17.93284605856471,,
2021-08-02,2.692125000686385,,,,12.918380126642926,,
2021-08-03,2.85268026386456,,,,8.276647364672796,,
2021-08-04,3.6643129246481276,,,,17.907435231791858,,
2021-08-05,1.3319376767938484,,,,19.411011276735437,,
2021-08-06,1.50022071212923,,,,26.503804250885654,,
2021-08-07,1.9880080278462886,,,,35.578942629680085,,
2021-08-08,2.669137399700472,,,,29.508564189354058,,
2021-08-09,2.727975688477846,,,,38.0580230887682,,
2021-08-10,2.694894773999912,,,,33.05993550889854,,
2021-08-11,2.4633641714356003,,,,37.55102892014086,,
2021-08-12,2.212459121273591,,,,35.65326001374285,,
2021-08-13,2.571483387543183,,,,45.642811917847716,,
2021-08-14,2.4428569771807407,,,,47.64275407779173,,
2021-08-15,2.6505518710848497,,,,49.67504007631946,,
2021-08-16,3.5209992421305403,,,,45.62559664366228,,
2021-08-17,2.9667280522445605,,,,40.64812880130502,,
2021-08-18,2.562141191164713,,,,44.96043243032914,,
2021-08-19,2.979297148830118,,,,56.965661699174404,,
2021-08-20,3.4429961015914,,,,53.43979422924787,,
2021-08-21,3.116360535267826,,,,51.208272590632454,,
2021-08-22,3.2249992536186323,,,,46.39676590031128,,
2021-08-23,4.332493506548407,,,,44.45866004400705,,
2021-08-24,2.0160173381904345,,,,34.74458904802633,,
2021-08-25,3.3273046075119384,,,,31.515779749500506,,
2021-08-26,3.4752801876336337,,,,18.718699210068856,,
2021-08-27,2.8995013606540443,,,,22.614791367021535,,
2021-08-28,3.6630658703825647,,,,22.188033530185546,,
2021-08-29,3.5150085236781647,,,,15.54613675613421,,
2021-08-30,3.0238622298887297,,,,13.316054790635157,,
2021-08-31,3.46864389010777,,,,18.208984516170478,,
2021-09-01,3.8761837763004348,,,,24.682600461532722,,
2021-09-02,3.8127897982628944,,,,28.894117708642764,,
2021-09-03,4.417267044632567,,,,25.86892590170273,,
2021-09-04,6.3138903025503845,,,,22.155249586050374,,
2021-09-05,5.866012787509933,,,,20.82320673756042,,
2021-09-06,6.495829264997366,,,,18.1532396403705,,
2021-09-07,7.134737962166149,,,,7.00857210641459,,
2021-09-08,7.555846458237037,,,,-0.4434052415606238,,
2021-09-09,7.834079070423505,,,,1.7772297416320582,,
2021-09-10,8.563143030559539,,,,-1.4503966074135843,,
2021-09-11,7.754209367226927,,,,1.7448365954188194,,
2021-09-12,8.023892661271859,,,,-3.712887029288703,,
2021-09-13,8.687286457956557,,,,-4.520601990587759,,
2021-09-14,7.221993267185911,,,,0.29314200974073223,,
2021-09-15,7.331912327821688,,,,4.836726810945846,,
2021-09-16,7.381115464620391,,,,6.805694923141803,,
2021-09-17,7.660581345231399,,,,5.8039887449561345,,
2021-09-18,7.886530313508167,,,,3.2765177193972095,,
2021-09-19,7.2385761299938345,,,,-4.21860462381548,,
2021-09-20,7.339166432526789,,,,-11.892723486421142,,
2021-09-21,6.510535378974702,,,,-17.272491318912042,,
2021-09-22,4.898352737146849,,,,-12.013291882919075,,
2021-09-23,8.122473457114054,,,,-5.891574885351581,,
2021-09-24,6.836604496940213,,,,-12.583892617449665,,
2021-09-25,7.561076763071983,,,,-8.908807064830471,,
2021-09-26,8.182794019067451,,,,-12.042005384156074,,
2021-09-27,8.163757423196438,,,,-13.800903357885774,,
2021-09-28,6.946516421135707,,,,-15.873763503522708,,
2021-09-29,6.922216654910063,,,,-11.618331005891303,,
2021-09-30,7.89549557530993,,,,-6.956959836640031,,
2021-10-01,7.3138662046715375,,,,-1.3704217861231438,,
2021-10-02,7.2980255514647485,,,,-3.2727918087406493,,
2021-10-03,6.407253318241102,,,,-3.5983218911365245,,
2021-10-04,6.584584695674578,,,,-1.38373463707967,,
2021-10-05,6.484914451133905,,,,-0.5504388981716013,,
2021-10-06,5.683015565183558,,,,5.033998621446556,,
2021-10-07,4.249026381227128,,,,14.769396290052029,,
2021-10-08,3.954667930604816,,,,17.162671116486152,,
2021-10-09,3.787242520274936,,,,18.438526104242815,,
2021-10-10,3.7026444569321137,,,,21.868207356327886,,
2021-10-11,4.460295019736771,,,,27.223058377564445,,
2021-10-12,4.528060728236927,,,,21.665699081634337,,
2021-10-13,3.6822677180923025,,,,27.650351919072058,,
2021-10-14,4.272107677794401,,,,21.72806141682546,,
2021-10-15,4.234715262700717,,,,28.160043523246703,,
2021-10-16,4.487879996922195,,,,27.52063248803569,,
2021-10-17,4.28126009572245,,,,30.08109094337883,,
2021-10-18,3.771785858605825,,,,28.40406239115858,,
2021-10-19,3.684881049084243,,,,36.067334508141634,,
2021-10-20,3.439342846694271,,,,53.435914674715846,,
2021-10-21,4.6288168906450045,,,,52.67975110950505,,
2021-10-22,4.565613506889399,,,,39.37342356318183,,
2021-10-23,4.022368556281752,,,,36.60179390468259,,
2021-10-24,3.664235176362385,,,,42.14298010981867,,
2021-10-25,3.00599482595012,,,,47.82712422405664,,
2021-10-26,2.5012897623404307,,,,39.77653385355726,,
2021-10-27,1.7079232601570071,,,,38.593387247359566,,
2021-10-28,3.3515990055351663,,,,47.6504964834958,,
2021-10-29,3.730160313615949,,,,49.921226809953126,,
2021-10-30,3.2388983632254176,,,,41.15336082201346,,
2021-10-31,3.7297025307063914,,,,27.332259972194528,,
2021-11-01,3.4900343403772682,,,,27.870762823056204,,
2021-11-02,4.616828174676835,,,,31.16177776726601,,
2021-11-03,5.183685601092924,,,,27.77360419332151,,
2021-11-04,5.158906227004856,,,,19.278485249938846,,
2021-11-05,6.0090425949275605,,,,10.163825363825364,,
2021-11-06,6.769158753556859,,,,14.28903702541331,,
2021-11-07,6.484375399312392,,,,17.278800580447996,,
2021-11-08,7.3125876774047915,,,,22.88657703806316,,
2021-11-09,6.283327121088189,,,,22.482409118351974,,
2021-11-10,8.180930684774967,,,,12.895259986062623,,
2021-11-11,7.7917341520721495,,,,15.674662878839962,,
2021-11-12,7.9729170556948725,,,,11.775463245419848,,
2021-11-13,8.72142159860736,,,,12.26209694716147,,
2021-11-14,8.81355139898574,,,,6.237277538322639,,
2021-11-15,9.572733397356803,,,,4.4864795516493805,,
2021-11-16,9.434643896808481,,,,-2.388265698093872,,
2021-11-17,10.301839102566301,,,,-2.685009346903644,,
2021-11-18,11.507804635231755,,,,-11.494869602161394,,
2021-11-19,11.31472523270971,,,,-12.043939667349534,,
2021-11-20,12.372471455795564,,,,-3.9966459328720227,,
2021-11-21,13.137262746612532,,,,-3.404614602306677,,
2021-11-22,12.523147830351755,,,,-8.222935626379268,,
2021-11-23,12.018064950482588,,,,-5.440968299923988,,
2021-11-24,12.435927686052196,,,,-9.417572755845939,,
2021-11-25,12.69925591018437,,,,-2.268319232552407,,
2021-11-26,13.787472692799163,,,,-8.023684275399646,,
2021-11-27,13.698654417724532,,,,-9.665330546526018,,
2021-11-28,13.559059014423603,,,,-7.997643835202761,,
2021-11-29,13.278654914649458,,,,-6.600377405523739,,
2021-11-30,12.524251932059238,,,,-7.095031305159239,,
2021-12-01,13.2349267487748,,,,-6.118818061269938,,
2021-12-02,12.483238084396042,,,,-10.66063123388663,,
2021-12-03,11.454939867891989,,,,-14.778935164575191,,
2021-12-04,12.82049018209024,,,,-19.94061080859829,,
2021-12-05,12.591155353549134,,,,-18.938850408421004,,
2021-12-06,12.014462165489203,,,,-17.94140321691944,,
2021-12-07,12.692838152791829,,,,-20.047289872441254,,
2021-12-08,12.242214029097864,,,,-25.256468524711206,,
2021-12-09,11.71373562222129,,,,-28.980953180439773,,
2021-12-10,11.395579946560641,,,,-27.344675592452383,,
2021-12-11,11.337382186489986,,,,-23.750591670209744,,
2021-12-12,12.04782732683829,,,,-21.939863913029857,,
2021-12-13,11.231490165097636,,,,-27.45767319043181,,
2021-12-14,10.821947460719784,,,,-26.21498158552239,,
2021-12-15,11.209638547227696,,,,-23.17641180793104,,
2021-12-16,11.386226151413513,,,,-20.690515822225763,,
2021-12-17,10.517598911300418,,,,-23.55406515914278,,
2021-12-18,9.806316162505135,,,,-17.677717737691424,,
2021-12-19,10.45968335205949,,,,-19.587547353900547,,
2021-12-20,8.807001792158564,,,,-21.426701599179065,,
2021-12-21,9.388655779346976,,,,-16.601509125751722,,
2021-12-22,9.73664932988938,,,,-13.616718207028333,,
2021-12-23,9.079681868636523,,,,-11.648091882574018,,
2021-12-24,9.156485348659071,,,,-11.057891301962307,,
2021-12-25,9.089895641450529,,,,-14.519416095831161,,
2021-12-26,8.408556022701452,,,,-5.49270537293215,,
2021-12-27,8.755537173179961,,,,-7.345603692035763,,
2021-12-28,8.449526537586681,,,,-16.99024074777634,,
2021-12-29,8.348881653033025,,,,-19.578269617706233,,
2021-12-30,8.68149493087682,,,,-17.26004098993934,,
2021-12-31,9.026142845400976,,,,-19.178662868872397,,
2022-01-01,8.076436932752863,,,,-15.505731728952043,,
2022-01-02,11.566907759172128,,,,-11.781243091320048,,
2022-01-03,9.676228840239688,,,,-5.506071210663476,,
2022-01-04,8.978715843746699,,,,-7.215758741590717,,
2022-01-05,8.39436898987984,,,,-13.859087838052165,,
2022-01-06,8.484240740056826,,,,-14.838497339834088,,
2022-01-07,7.7885746538320255,,,,-17.643154441177234,,
2022-01-08,9.021009311120643,,,,-12.337316668065323,,
2022-01-09,7.004886695081547,,,,-11.191895553169307,,
2022-01-10,6.878900436019952,,,,-15.321930617924806,,
2022-01-11,7.201306126695917,,,,-14.633445146132473,,
2022-01-12,7.277236966264389,,,,-5.9955570068143675,,
2022-01-13,7.938096250149518,,,,-11.96271746559191,,
2022-01-14,6.78975399707995,,,,-11.8797142657175,,
2022-01-15,6.927405122997188,,,,-9.548315662580787,,
2022-01-16,7.110567921256372,,,,-6.632257561043275,,
2022-01-17,7.039167798456103,,,,-9.891985562773408,,
2022-01-18,7.000627473506049,,,,-9.273770206997545,,
2022-01-19,6.898289334158703,,,,-11.199497124109225,,
2022-01-20,6.2214659379769,,,,-16.79073460601661,,
2022-01-21,6.423941195949889,,,,-24.99137649995391,,
2022-01-22,6.866391555377871,,,,-31.014474965090642,,
2022-01-23,7.810132862091423,,,,-28.68053915781188,,
2022-01-24,7.194126524133271,,,,-27.260719615965666,,
2022-01-25,8.011801669248353,,,,-27.212282934147947,,
2022-01-26,7.107784102451142,,,,-27.39981349642141,,
2022-01-27,7.8416800895181105,,,,-21.840183376402443,,
2022-01-28,7.977905603897506,,,,-18.827427124184283,,
2022-01-29,7.172570925968658,,,,-19.00225950836647,,
2022-01-30,6.83834227963942,,,,-18.034884619121172,,
2022-01-31,6.987597421680891,,,,-19.39487853252072,,
2022-02-01,4.006726974451547,,,,-18.16934673090531,,
2022-02-02,4.889811180771608,,,,-20.560908235567677,,
2022-02-03,5.106240744295443,,,,-18.590500394811404,,
2022-02-04,5.6774865962906595,,,,-4.319519423315333,,
2022-02-05,5.973044436655783,,,,-3.9452851994240867,,
2022-02-06,5.423033751124162,,,,1.9592469701547932,,
2022-02-07,5.840074355747826,,,,5.182973790143608,,
2022-02-08,6.34098365499749,,,,5.203367425764283,,
2022-02-09,6.857428463709492,,,,6.097747886364502,,
2022-02-10,6.399498790921676,,,,1.7930323672590953,,
2022-02-11,6.835316604319797,,,,-3.4825452489666953,,
2022-02-12,6.620143441817272,,,,-0.8041332599939222,,
2022-02-13,6.460488903397077,,,,-2.3369738383407612,,
2022-02-14,6.403043105122652,,,,-1.2727376962693326,,
2022-02-15,6.208527801585717,,,,3.4203464644733783,,
2022-02-16,6.330965264035582,,,,3.961791040249163,,
2022-02-17,5.93087627422455,,,,-4.336075738357382,,
2022-02-18,6.40722261440172,,,,-4.0460143912591455,,
2022-02-19,6.28891259542812,,,,-1.4791704512018167,,
2022-02-20,6.420173818661201,,,,5.327379572296143,,
2022-02-21,6.661066811721295,,,,5.522274262062976,,
2022-02-22,5.505339257464836,,,,5.478837507983947,,
2022-02-23,6.06364288713539,,,,1.6084407268343037,,
2022-02-24,5.55774106275484,,,,3.7038750679143417,,
2022-02-25,5.931175073821371,,,,6.546789483321369,,
2022-02-26,4.937196334357363,,,,5.265378726106773,,
2022-02-27,5.22106026725504,,,,-0.046372203615596685,,
2022-02-28,6.505606202316194,,,,13.08245587006942,,
2022-03-01,5.6392379176189555,,,,17.262767094242705,,
2022-03-02,5.979299166795449,,,,14.105841645674587,,
2022-03-03,5.822565559788151,,,,9.715595901132446,,
2022-03-04,5.378796713044198,,,,6.104396206021412,,
2022-03-05,4.97409938276081,,,,5.591691165296808,,
2022-03-06,4.53705316562929,,,,-7.585079706789665,,
2022-03-07,3.7620843162446516,,,,-8.202942348461029,,
2022-03-08,3.834598081109619,,,,-8.612942584708627,,
2022-03-09,3.8797169077993354,,,,-4.330019235862048,,
2022-03-10,3.945715085426582,,,,-10.49199884022406,,
2022-03-11,3.7467973291663403,,,,-12.717611180923782,,
2022-03-12,3.4049455267078033,,,,-10.77832526812006,,
2022-03-13,2.989008937762083,,,,-10.847263151013632,,
2022-03-14,2.7757052029874885,,,,-6.031805962735682,,
2022-03-15,2.6666667400216504,,,,-6.59474109982342,,
2022-03-16,2.506364205137368,,,,-3.3429142508664467,,
2022-03-17,2.7318437636433046,,,,-8.142263776336932,,
2022-03-18,2.7870036631757245,,,,-4.823064278348954,,
2022-03-19,3.1613741509146642,,,,4.159942935701477,,
2022-03-20,3.101648749855057,,,,3.221233368122234,,
2022-03-21,3.0101583500578677,,,,2.303141507171924,,
2022-03-22,2.4236137623124154,,,,10.360933120656558,,
2022-03-23,2.540490718087729,,,,15.8737964816408,,
2022-03-24,2.01380035002261,,,,15.069527257546556,,
2022-03-25,1.9955191209918732,,,,18.96147141973923,,
2022-03-26,1.5516512932991944,,,,16.13490781092597,,
2022-03-27,1.3959289109250816,,,,19.400181084913328,,
2022-03-28,1.6408069361859123,,,,20.465647426471346,,
2022-03-29,1.129664048656176,,,,25.824854565377887,,
2022-03-30,1.2004244530319008,,,,9.054657089898054,,
2022-03-31,1.9926310867049324,,,,2.4518473161463383,,
2022-04-01,1.6661741349624837,,,,5.4462239747677055,,
2022-04-02,1.9593331844186546,,,,7.9073821076930395,,
2022-04-03,1.8982412899965828,,,,18.5413498188699,,
2022-04-04,1.9019907237898481,,,,18.2307662630248,,
2022-04-05,1.6570612864488687,,,,18.419028646194626,,
2022-04-06,1.5970119100263247,,,,13.642387069600925,,
2022-04-07,1.6826897577906452,,,,12.170109290760323,,
2022-04-08,1.4103579753574014,,,,0.7398363109181849,,
2022-04-09,1.3820853403302635,,,,8.45205722692912,,
2022-04-10,1.3578912690228817,,,,8.854423119079291,,
2022-04-11,1.3758341277477548,,,,1.8632805735819158,,
2022-04-12,0.8067159206813335,,,,6.081952832041648,,
2022-04-13,0.839243799277356,,,,3.721625948385454,,
2022-04-14,0.693214651198315,,,,1.6854491802894556,,
2022-04-15,0.7693706197727357,,,,-1.3671741985698316,,
2022-04-16,0.6351847853027337,,,,-1.3177362474613874,,
2022-04-17,0.24195241143158963,,,,-4.979679104429358,,
2022-04-18,-0.010426866124946255,,,,-3.3174467129197693,,
2022-04-19,-0.2317085922353357,,,,0.5600052929915611,,
2022-04-20,-0.2704956821415472,,,,0.8680987019005215,,
2022-04-21,-0.17420948633903865,,,,-4.447441739037239,,
2022-04-22,0.17055395804761453,,,,-7.400596416835114,,
2022-04-23,0.6920216851548533,,,,-10.34259831339992,,
2022-04-24,0.6669891507882442,,,,-10.974234290671225,,
2022-04-25,0.8096241517590475,,,,-9.177877872278184,,
2022-04-26,0.7131489779514277,,,,-18.61099057482143,,
2022-04-27,0.5067889059637176,,,,-16.736248151349432,,
2022-04-28,0.5544427357028203,,,,-16.21748168011672,,
2022-04-29,0.038819211153384714,,,,-17.999238973238498,,
2022-04-30,-0.16201192568745526,,,,-17.313735735659176,,
2022-05-01,0.23409143233643626,,,,-16.885373164383243,,
2022-05-02,-0.28302932532426883,,,,-15.904127829560577,,
2022-05-03,-0.2485154876158413,,,,-18.70048602214951,,
2022-05-04,-0.18962724880866588,,,,-14.792689045268082,,
2022-05-05,-0.3083285381952017,,,,-19.659476169595948,,
2022-05-06,-0.23505495904893037,,,,-16.577767163526367,,
2022-05-07,-0.18553861556233064,,,,-18.34951923375715,,
2022-05-08,-0.35766576477734846,,,,-19.4395722239013,,
2022-05-09,-3.4394027481365663,,,,-29.652591326606625,,
2022-05-10,-5.26889819039793,,,,-26.428021637212595,,
2022-05-11,-5.781646192782763,,,,-26.375895037875864,,
2022-05-12,-13.931793928617054,,,,-27.561338831698812,,
2022-05-13,-14.202698539273761,,,,-28.824731534792026,,
2022-05-14,-14.676305691647872,,,,-24.674643824429076,,
2022-05-15,-15.002681696805064,,,,-22.743718543397474,,
2022-05-16,-14.961093906740519,,,,-26.015442296200153,,
2022-05-17,-14.237059966581766,,,,-23.2702305451972,,
2022-05-18,-14.918835648059215,,,,-29.621262940511695,,
2022-05-19,-14.69599540727964,,,,-26.929606263005144,,
2022-05-20,-14.427791562299797,,,,-29.39485504563909,,
2022-05-21,-14.89129900753846,,,,-27.260245242034276,,
2022-05-22,-15.04944895366046,,,,-23.71048709643463,,
2022-05-23,-15.14618006248698,,,,-26.196832785688194,,
2022-05-24,-15.20380335948287,,,,-24.830209684987093,,
2022-05-25,-15.049192936654986,,,,-26.92304076972093,,
2022-05-26,-14.996814707735062,,,,-23.38147570426092,,
2022-05-27,-14.980385830700648,,,,-27.031286796826983,,
2022-05-28,-15.187144188031787,,,,-26.95063442845327,,
2022-05-29,-15.046356828208795,,,,-23.650077689176452,,
2022-05-30,-15.301963470265278,,,,-15.669557915324683,,
2022-05-31,-15.14381226610122,,,,-17.331936514043356,,
2022-06-01,-14.751442988049456,,,,-22.63281969497336,,
2022-06-02,-14.109736748916902,,,,-19.285800426462963,,
2022-06-03,-14.609300712321593,,,,-25.16953892668179,,
2022-06-04,-14.414418835334741,,,,-18.299279100986865,,
2022-06-05,-14.54850486810033,,,,-16.922860339253564,,
2022-06-06,-14.181952909776108,,,,-11.556283633552745,,
2022-06-07,-14.138974699282713,,,,-8.558187223841307,,
2022-06-08,-11.608906419428278,,,,0.42711356546065726,,
2022-06-09,-10.114015426322132,,,,-2.924741513552198,,
2022-06-10,-9.586897987945232,,,,-0.041437688505396864,,
2022-06-11,-0.8830396949016661,,,,-2.0842411663896443,,
2022-06-12,-0.9025306789509968,,,,-9.261840984325842,,
2022-06-13,-0.2675968723339417,,,,-25.258070498831053,,
2022-06-14,-0.7202161293103249,,,,-29.341863053558548,,
2022-06-15,-1.3465604885629534,,,,-24.40345303492901,,
2022-06-16,-2.678702938924671,,,,-32.989466554858225,,
2022-06-17,-2.2869959515950278,,,,-28.718154629654137,,
2022-06-18,-2.778142639928738,,,,-37.42984238056177,,
2022-06-19,-3.126770344626739,,,,-29.543532912046533,,
2022-06-20,-2.8199607622640843,,,,-30.127872043731617,,
2022-06-21,-3.268083380681275,,,,-31.591862927040847,,
2022-06-22,-3.256287152633619,,,,-31.334339889691044,,
2022-06-23,-3.3319459412680774,,,,-28.813255827598972,,
2022-06-24,-3.6768234061286265,,,,-28.110547133502482,,
2022-06-25,-3.761252042597063,,,,-26.403436827406956,,
2022-06-26,-3.4016019342816506,,,,-26.5168810120923,,
2022-06-27,-3.1287424369016326,,,,-28.551120461928548,,
2022-06-28,-3.3828351750319285,,,,-31.17544056114917,,
2022-06-29,-3.360352405423317,,,,-36.58892514137736,,
2022-06-30,-3.744461211131389,,,,-37.29069866897435,,
2022-07-01,-4.164090174998403,,,,-35.315339314489826,,
2022-07-02,-4.292673527987645,,,,-36.77782075893633,,
2022-07-03,-3.789257320973771,,,,-34.96399520407431,,
2022-07-04,-3.860992583668743,,,,-32.23719898580367,,
2022-07-05,-3.8020817180198563,,,,-32.565632581876315,,
2022-07-06,-3.787124357169658,,,,-34.451775565691634,,
2022-07-07,-3.880261479614766,,,,-30.5228892352306,,
2022-07-08,-3.9624131465844092,,,,-28.505497641597664,,
2022-07-09,-3.8499010430443237,,,,-28.290002666894274,,
2022-07-10,-3.8787568247473536,,,,-28.287652774588643,,
2022-07-11,-3.674968776382659,,,,-29.76668179435491,,
2022-07-12,-3.3981077824269623,,,,-27.265882030651145,,
2022-07-13,-3.420442001829871,,,,-10.016893897518663,,
2022-07-14,-2.6359254865099935,,,,-6.991061332890025,,
2022-07-15,-2.0048639086358455,,,,-7.765239739068674,,
2022-07-16,-1.8595253891224073,,,,3.8933284186162487,,
2022-07-17,-1.5043267458840104,,,,1.6090334513828575,,
2022-07-18,-1.0926929169561728,,,,18.248001269319847,,
2022-07-19,-0.9853779550320518,,,,13.719354525128802,,
2022-07-20,-0.896231765483535,,,,12.877535555988672,,
2022-07-21,-0.34707877551068966,,,,11.719389370145606,,
2022-07-22,-0.45794716641984756,,,,13.492302127427514,,
2022-07-23,-0.3518774657188528,,,,6.352116258876661,,
2022-07-24,-0.025524430133416764,,,,6.318907564805776,,
2022-07-25,-0.037778179266800826,,,,-0.838901894218036,,
2022-07-26,-0.19025717193402736,,,,1.0295621223809892,,
2022-07-27,-0.2374656898793459,,,,10.653892287162247,,
2022-07-28,-0.03704126986491252,,,,17.561210356934875,,
2022-07-29,-0.11874272797508523,,,,18.142116909945383,,
2022-07-30,0.026471726715215915,,,,18.560129494173406,,
2022-07-31,0.11165679216404989,,,,20.817228394485433,,
2022-08-01,-0.3595353939148782,,,,20.85513750979726,,
2022-08-02,-0.16383227085171592,,,,19.010107253998388,,
2022-08-03,-0.1266274026927916,,,,12.757310847464831,,
2022-08-04,-0.15716410954058624,,,,12.129116869045763,,
2022-08-05,-0.23128244397648823,,,,13.36238986486913,,
2022-08-06,0.03872524231558483,,,,6.146734008540111,,
2022-08-07,0.21958872055756196,,,,7.314926081570738,,
2022-08-08,0.06703514571979596,,,,10.273191295040762,,
2022-08-09,-0.09948375493110673,,,,10.964569391831347,,
2022-08-10,-0.07506104507671862,,,,19.988569201662408,,
2022-08-11,3.425784338428883e-05,,,,23.827924723533588,,
2022-08-12,0.1645344877205801,,,,20.602109131415226,,
2022-08-13,0.05200357645254172,,,,18.711787550925642,,
2022-08-14,0.15890894692929258,,,,16.68359734306799,,
2022-08-15,0.18280315838634653,,,,13.678404951971167,,
2022-08-16,0.34437158106275234,,,,14.696396219665587,,
2022-08-17,0.2048065751150796,,,,4.0569564445997575,,
2022-08-18,0.019499403206935106,,,,-0.8779900686509357,,
2022-08-19,-0.06525671244711484,,,,-10.286694828039078,,
2022-08-20,-0.2601479247377747,,,,-8.690840909650444,,
2022-08-21,-0.2814526396540562,,,,-5.154193353002867,,
2022-08-22,-0.3983853301319784,,,,-4.6823603507538785,,
2022-08-23,-0.5975233280770653,,,,-4.652678868788229,,
2022-08-24,-0.5060243618796423,,,,0.2683133983079067,,
2022-08-25,-0.4666124818517581,,,,1.4320147054741605,,
2022-08-26,-0.4087408962312855,,,,-11.813117989582821,,
2022-08-27,-0.4006241213037054,,,,-15.959993171980125,,
2022-08-28,-0.2297311747199493,,,,-17.74284662705715,,
2022-08-29,-0.450035752462119,,,,-14.201698478779157,,
2022-08-30,-0.36516927779712827,,,,-14.947032024631957,,
2022-08-31,-0.1531121700096727,,,,-13.83010407851809,,
2022-09-01,-0.46212316386167185,,,,-12.425422365525362,,
2022-09-02,-0.467665618628188,,,,-12.562290820948208,,
2022-09-03,-0.5877345036092385,,,,-12.337366695280627,,
2022-09-04,-0.5217059326120155,,,,-14.207534009768185,,
2022-09-05,-0.7221074000090755,,,,-13.755080222756522,,
2022-09-06,-0.8110194291621853,,,,-18.916484964652792,,
2022-09-07,-0.7488194424999928,,,,-18.97169256614868,,
2022-09-08,-0.5300572752577448,,,,-16.545089730215402,,
2022-09-09,-0.3847073733375672,,,,-10.828816003974273,,
2022-09-10,-0.49749154500656756,,,,-9.551319252339418,,
2022-09-11,-0.38338459867934827,,,,-10.559104200677938,,
2022-09-12,-0.2812108427489246,,,,-8.369576513273802,,
2022-09-13,-0.47129409614607987,,,,-16.999091553920064,,
2022-09-14,-0.1254992395144594,,,,-16.05369950885709,,
2022-09-15,-0.5656805552838318,,,,-17.40895100931723,,
2022-09-16,-0.6401919886939611,,,,-15.162624996465702,,
2022-09-17,-0.7183859751851207,,,,-13.270464659008596,,
2022-09-18,-0.5239209171256309,,,,-6.807062745777525,,
2022-09-19,-0.49559672274218647,,,,-7.582992866154181,,
2022-09-20,-0.34271011245171623,,,,-12.272996210658215,,
2022-09-21,-0.14398991671008554,,,,-13.731277304539336,,
2022-09-22,-0.11202352777489599,,,,-9.881918071895168,,
2022-09-23,-0.19292455185558888,,,,-9.7255813344016,,
2022-09-24,-0.34990119581398416,,,,-12.238671109659805,,
2022-09-25,-0.3840366108871507,,,,-7.0829823551643685,,
2022-09-26,-0.6254162634104943,,,,-4.041302351579024,,
2022-09-27,-1.1575265239778254,,,,-2.436538671000288,,
2022-09-28,-1.0862819060091122,,,,-4.303074131421447,,
2022-09-29,-1.5020369839922276,,,,-1.111214305111241,,
2022-09-30,-2.0310585913765777,,,,-3.129223811248072,,
2022-10-01,-2.71820896935433,,,,-4.075760029327224,,
2022-10-02,-2.6649468828380374,,,,-4.486098037977415,,
2022-10-03,-2.5210850289975384,,,,-1.0226957578446827,,
2022-10-04,-2.6799502186017454,,,,1.6875746863797003,,
2022-10-05,-2.612634870718611,,,,1.8256449009033782,,
2022-10-06,-2.500609318067415,,,,6.22683350886426,,
2022-10-07,-2.4822137305684167,,,,1.229730822419084,,
2022-10-08,-2.43842335240686,,,,0.5082358640915441,,
2022-10-09,-2.5280655911171235,,,,-8.993820724706003,,
2022-10-10,-2.608414375026391,,,,-11.624309300389779,,
2022-10-11,-2.8166961187746753,,,,-12.6764396360999,,
2022-10-12,-2.8806082801658195,,,,-14.467974713048115,,
2022-10-13,-3.180803588724168,,,,-3.957851783298638,,
2022-10-14,-3.4690004950829856,,,,-5.190067984363244,,
2022-10-15,-3.509758259301765,,,,-3.2103027731363754,,
2022-10-16,-3.37260608388662,,,,-2.728434149863912,,
2022-10-17,-3.3231283901211217,,,,-2.802876856577774,,
2022-10-18,-3.5010968630296735,,,,-0.45704149837919594,,
2022-10-19,-3.5252326995613537,,,,-2.1141914171147858,,
2022-10-20,-3.6783684454847476,,,,0.8843443708609122,,
2022-10-21,-4.106934146984353,,,,3.808007644073874,,
2022-10-22,-4.142743029032481,,,,-1.0168217824997328,,
2022-10-23,-4.104074556129822,,,,1.454076250226155,,
2022-10-24,-3.95368967274472,,,,2.162839248434234,,
2022-10-25,-4.1422080999403255,,,,6.7669712634082835,,
2022-10-26,-4.044200016718524,,,,8.028835302181946,,
2022-10-27,-3.4469236545195625,,,,6.373351405436201,,
2022-10-28,-3.4277692989345576,,,,6.073409221328996,,
2022-10-29,-3.032352659216697,,,,6.217795361358047,,
2022-10-30,-2.6454304945255025,,,,6.2034402173549275,,
2022-10-31,-1.7590013075239774,,,,6.109435320375223,,
2022-11-01,-2.0487811999102212,,,,7.487196171445354,,
2022-11-02,-2.053713776250421,,,,2.6631915504954806,,
2022-11-03,-1.9991928553226512,,,,-0.6392032184373786,,
2022-11-04,-1.8841817036387654,,,,4.912427957571741,,
2022-11-05,-1.8118831938148783,,,,6.706688703335106,,
2022-11-06,-1.8078236201053421,,,,7.042927093525941,,
2022-11-07,-1.6752430495971304,,,,6.041674820629983,,
2022-11-08,-1.0190325074674877,,,,-4.587628388673915,,
2022-11-09,-0.8093989658389145,,,,-16.773373433961236,,
2022-11-10,-1.8651517024311226,,,,-7.653987408184671,,
2022-11-11,-1.5090981102558243,,,,-10.885733780271266,,
2022-11-12,-1.2807565783217845,,,,-13.228556401944136,,
2022-11-13,-1.451649016329526,,,,-14.846380520761137,,
2022-11-14,-1.2864615234073118,,,,-12.847448187907428,,
2022-11-15,-1.3956769352409748,,,,-12.263990306795725,,
2022-11-16,-1.314621551502304,,,,-14.767880690705725,,
2022-11-17,-1.4700635838190923,,,,-13.632845322505194,,
2022-11-18,-1.65373700591811,,,,-12.672682502639354,,
2022-11-19,-1.4638600374418553,,,,-12.295188720465156,,
2022-11-20,-1.1686454568131,,,,-15.049490278052446,,
2022-11-21,-1.0099501765495345,,,,-17.824399159565395,,
2022-11-22,-1.6352594988985225,,,,-17.08427012222541,,
2022-11-23,-1.6583968983313824,,,,-14.105791496203778,,
2022-11-24,-1.877511101710383,,,,-17.33619454513853,,
2022-11-25,-1.6246419139277823,,,,-20.45799093858487,,
2022-11-26,-1.9567365951894677,,,,-18.903765488336855,,
2022-11-27,-1.7827901707091587,,,,-20.21703742841825,,
2022-11-28,-1.8618211745775826,,,,-22.08953818104755,,
2022-11-29,-2.6491177793758203,,,,-20.288227161049242,,
2022-11-30,-3.1440178720181566,,,,-16.237090510152395,,
2022-12-01,-2.9658242009481306,,,,-17.1173357053099,,
2022-12-02,-3.094504427705347,,,,-15.180251530381339,,
2022-12-03,-2.8244452326556924,,,,-16.442248594850895,,
2022-12-04,-2.797620400296408,,,,-19.11632587055737,,
2022-12-05,-2.8427784679660117,,,,-20.343418608156018,,
2022-12-06,-3.0454466534712177,,,,-18.25646549868505,,
2022-12-07,-3.3793929569674974,,,,-18.23353065130472,,
2022-12-08,-4.13917792257622,,,,-7.133841549385012,,
2022-12-09,-4.374443024637065,,,,7.572469934640935,,
2022-12-10,-3.2703107908579554,,,,-2.6910741627677703,,
2022-12-11,-3.5182896547337195,,,,0.08634875406479114,,
2022-12-12,-3.3296892149453305,,,,2.365858358989481,,
2022-12-13,-3.125226554401239,,,,8.847907359834895,,
2022-12-14,-3.2801652166161155,,,,7.122313240021061,,
2022-12-15,-3.3099768800437857,,,,2.696772949078041,,
2022-12-16,-3.3204260853731626,,,,-0.18388310219915605,,
2022-12-17,-3.3580061861343546,,,,0.5029785724897762,,
2022-12-18,-2.9961214736025865,,,,0.22610169187056162,,
2022-12-19,-3.108332898412147,,,,-1.5676008402053077,,
2022-12-20,-3.3815132168858897,,,,3.7796149071604113,,
2022-12-21,-3.585883496553921,,,,6.611500073821586,,
2022-12-22,-3.170242246268351,,,,3.663598928695122,,
2022-12-23,-3.2694149047268417,,,,1.0563683550852687,,
2022-12-24,-3.186977430064386,,,,1.4288253172640264,,
2022-12-25,-3.3237784280366056,,,,1.876088690690203,,
2022-12-26,-3.115816515041292,,,,2.7998787257945246,,
2022-12-27,-3.247676551973999,,,,1.6895959407819738,,
2022-12-28,-3.5720436232234754,,,,2.0625538536882093,,
2022-12-29,-2.8335957974373827,,,,1.1612568138845036,,
2022-12-30,-2.4633735565947834,,,,-3.240338296538492,,
2022-12-31,-2.451459707676873,,,,-2.562057609629742,,
2023-01-01,-2.4093906986093705,,,,-2.7847495486387874,,
2023-01-02,-2.518966018759361,,,,-1.257491767938801,,
2023-01-03,-2.645037314868104,,,,-2.5168218780874274,,
2023-01-04,-2.9518603662939014,,,,-0.6836473372292651,,
2023-01-05,-2.8138858611956974,,,,-1.5045386027002228,,
2023-01-06,-2.9245906024345736,,,,0.6771541115091928,,
2023-01-07,-3.0337309124852996,,,,-1.6287062894432713,,
2023-01-08,-2.8925226123425074,,,,-0.004261887747714077,,
2023-01-09,-2.8540705020997703,,,,0.29642405279464157,,
2023-01-10,-3.0632185460619854,,,,2.081410355837421,,
2023-01-11,-3.01411395504122,,,,4.261692300272557,,
2023-01-12,-2.7231936836492943,,,,6.0305940465943175,,
2023-01-13,-2.3831170706607674,,,,11.946537550938995,,
2023-01-14,-2.4151409045328864,,,,20.73351870267579,,
2023-01-15,-2.299260720118046,,,,25.48911383515753,,
2023-01-16,-1.8516638114612682,,,,26.281553027683934,,
2023-01-17,-2.027092621072435,,,,26.266846932856037,,
2023-01-18,-2.3691908216117774,,,,25.783934185297298,,
2023-01-19,-2.1987158385573746,,,,24.71673031257915,,
2023-01-20,-2.049034614567824,,,,34.72603028766687,,
2023-01-21,-1.75127816293692,,,,35.44359783918489,,
2023-01-22,-1.4462217980620307,,,,35.339154274815996,,
2023-01-23,-1.0192917182522132,,,,36.11479366980041,,
2023-01-24,-1.1697483746731407,,,,34.46258371647999,,
2023-01-25,-1.1595215584223384,,,,36.298885479913864,,
2023-01-26,-0.9383054477893338,,,,37.72988251180989,,
2023-01-27,-0.44871767608789526,,,,39.44357119072526,,
2023-01-28,-0.602340715303129,,,,38.41128760264694,,
2023-01-29,-0.42459085725731205,,,,42.96148482491022,,
2023-01-30,-0.36580764475369065,,,,37.98572153980076,,
2023-01-31,-0.5332626521401096,,,,39.167586922833884,,
2023-02-01,-0.548496293355194,,,,42.34297994286527,,
2023-02-02,-0.5776653864919767,,,,40.8616878498463,,
2023-02-03,-0.138889387802954,,,,39.05875008011699,,
2023-02-04,-0.308401517657797,,,,38.587499294492304,,
2023-02-05,-0.07904370461201404,,,,35.292215932722335,,
2023-02-06,0.18295159625343338,,,,34.343116592312015,,
2023-02-07,0.00010317543008842023,,,,35.688292095379246,,
2023-02-08,-0.09832010513119993,,,,33.674772648685035,,
2023-02-09,-0.010416564573767495,,,,24.974341567348944,,
2023-02-10,-0.2434530742015606,,,,20.5198497931814,,
2023-02-11,-0.28632478057236677,,,,16.00249806066021,,
2023-02-12,-0.3626527555839809,,,,9.300196036028098,,
2023-02-13,-0.2192783592861236,,,,3.9086286180047614,,
2023-02-14,-0.27708831494969166,,,,6.364372469635637,,
2023-02-15,-0.5104534200544131,,,,14.813800851047754,,
2023-02-16,-0.7366993884344697,,,,11.274811554965481,,
2023-02-17,-0.3093577851174589,,,,18.82483688768499,,
2023-02-18,-0.26855783552703905,,,,16.896494284484476,,
2023-02-19,-0.2201994442383337,,,,7.07872737756432,,
2023-02-20,-0.32405295510385956,,,,9.03568583473604,,
2023-02-21,-0.7750875003557756,,,,7.681386373364663,,
2023-02-22,-1.0142340211097833,,,,5.523368584575694,,
2023-02-23,-1.0877186147488893,,,,5.776151432715837,,
2023-02-24,-1.2064137240574868,,,,0.539223466172678,,
2023-02-25,-1.4266883978829803,,,,0.640687711460175,,
2023-02-26,-1.4889582878358842,,,,2.083239433201456,,
2023-02-27,-1.4228848846862485,,,,2.039257077827883,,
2023-02-28,-1.7545145589763722,,,,-2.5302097943333157,,
2023-03-01,-1.8244255054207015,,,,3.51710647656307,,
2023-03-02,-1.7093350931230211,,,,1.4710836220164003,,
2023-03-03,-1.637811762658481,,,,-5.807692858701885,,
2023-03-04,-1.581157146624923,,,,-4.863437856284703,,
2023-03-05,-1.7105443661934672,,,,-4.2747707185503465,,
2023-03-06,-1.459382167747758,,,,-3.930408062129287,,
2023-03-07,-1.6252495065041117,,,,-3.2047829952675078,,
2023-03-08,-1.6403719016498286,,,,-4.643949791147916,,
2023-03-09,-1.6339876969467704,,,,-12.384608566267607,,
2023-03-10,-1.5165922682998767,,,,-12.247136698166617,,
2023-03-11,-1.6848140747494633,,,,-6.150662840337939,,
2023-03-12,-3.627093907311263,,,,1.7198461608892268,,
2023-03-13,-1.0381373376538994,,,,10.295825509833033,,
2023-03-14,-2.0103536678637846,,,,13.252529203242446,,
2023-03-15,-2.791611745574929,,,,11.535287317838684,,
2023-03-16,-2.608764005430164,,,,12.60792870579246,,
2023-03-17,-2.4357943217431677,,,,12.625693500876721,,
2023-03-18,-2.1719951164922646,,,,14.41368465990751,,
2023-03-19,-1.98504647725678,,,,13.849833760480767,,
2023-03-20,-2.1394892752788275,,,,12.524627567041978,,
2023-03-21,-1.9276165859024474,,,,15.794940292751747,,
2023-03-22,-2.094979837958355,,,,9.696282937904055,,
2023-03-23,-1.9785226872377049,,,,15.717425372646021,,
2023-03-24,-1.6728919033696776,,,,13.531683001677685,,
2023-03-25,-1.2569794828588998,,,,14.714789350130753,,
2023-03-26,-1.0602916005848395,,,,20.628424315589754,,
2023-03-27,-1.6834630350586854,,,,17.134464766052005,,
2023-03-28,-2.0794453038143423,,,,15.73442412072248,,
2023-03-29,-2.297766399318202,,,,20.67295842983745,,
2023-03-30,-2.119809851112675,,,,21.117668334516626,,
2023-03-31,-2.029119867193452,,,,20.468052564288676,,
2023-04-01,-2.287527059866601,,,,21.254387325636294,,
2023-04-02,-2.468737123177167,,,,26.024163540502656,,
2023-04-03,-2.319537361810331,,,,24.40387943205602,,
2023-04-04,-1.9753014963583393,,,,25.569186954753942,,
2023-04-05,-2.4959814057250895,,,,25.702855867916096,,
2023-04-06,-2.3961945158482933,,,,26.29007350224977,,
2023-04-07,-2.2560102793994896,,,,28.568368114168628,,
2023-04-08,-2.1734451413859657,,,,37.20694501876514,,
2023-04-09,-2.0368736824626588,,,,40.55975254445381,,
2023-04-10,-2.0094542074821087,,,,44.885271755151244,,
2023-04-11,0.14775003212854632,,,,37.29267162822752,,
2023-04-12,-2.523049717466097,,,,23.94755962225279,,
2023-04-13,-1.608059155161956,,,,23.118505124154808,,
2023-04-14,-0.6897105409184867,,,,25.45234512877146,,
2023-04-15,-0.9967055136344438,,,,21.18627389016585,,
2023-04-16,-1.1498141172993859,,,,10.620573802716038,,
2023-04-17,-1.1972638397055424,,,,9.375753739943772,,
2023-04-18,-1.567125073805553,,,,8.605266459966376,,
2023-04-19,-1.5680870912953448,,,,3.8968489025331454,,
2023-04-20,-1.7687635086726439,,,,0.4916480670844603,,
2023-04-21,-1.7669121417385525,,,,0.04355808251963467,,
2023-04-22,-2.5541653784698637,,,,-1.6912990481495083,,
2023-04-23,-2.0325763319015477,,,,0.4958391110809979,,
2023-04-24,-2.2310501367384883,,,,0.17470810674016235,,
2023-04-25,-2.3754826218816527,,,,1.1897146923006918,,
2023-04-26,-1.8691153221782608,,,,4.757177074504582,,
2023-04-27,-1.4379240356267697,,,,8.113034448024226,,
2023-04-28,-1.308568357851947,,,,3.397345900679416,,
2023-04-29,-1.3566797694800736,,,,4.288202056975532,,
2023-04-30,-1.3886539598557124,,,,2.6974891587529415,,
2023-05-01,-0.9768168148637901,,,,-1.351258736859351,,
2023-05-02,-0.6616054659282056,,,,1.7676852832275713,,
2023-05-03,-0.8152148237463686,,,,4.410647482014385,,
2023-05-04,-1.5440992858201885,,,,2.388349990254013,,
2023-05-05,-1.1602038916006752,,,,4.741212374436521,,
2023-05-06,-0.7325448655166156,,,,2.9049911856464883,,
2023-05-07,-0.9515928857290135,,,,1.8768859968329554,,
2023-05-08,-1.0873655043500574,,,,-0.9649449968108348,,
2023-05-09,-1.1634640374639016,,,,-2.4555002584402574,,
2023-05-10,-0.8316910701528624,,,,-6.878451305009159,,
2023-05-11,-1.025354591257055,,,,-10.70117567901373,,
2023-05-12,-1.0379495183451826,,,,-10.348811415390823,,
2023-05-13,-0.9511202530082419,,,,-11.847563561275098,,
2023-05-14,-1.0584891575699418,,,,-11.649713312105947,,
2023-05-15,-1.0230361668706056,,,,-10.341444768772767,,
2023-05-16,-1.0076841557396632,,,,-10.793096109012978,,
2023-05-17,-1.0819467196501176,,,,-6.87951554640851,,
2023-05-18,-1.1996589852785067,,,,-11.71405144369604,,
2023-05-19,-0.9007360980458068,,,,-6.656364703390272,,
2023-05-20,-1.0226172687177626,,,,-4.040625060854386,,
2023-05-21,-0.7964055545040538,,,,-1.8892382451718204,,
2023-05-22,0.050799643592447374,,,,-3.47839528918622,,
2023-05-23,-0.7116848417134003,,,,-1.3446246185294886,,
2023-05-24,-0.7907487068465668,,,,-4.29618337148181,,
2023-05-25,-1.0416534000933009,,,,-6.455650177963235,,
2023-05-26,-0.9366349831193332,,,,-6.015669732738971,,
2023-05-27,-1.0661628895073716,,,,-8.884472005854892,,
2023-05-28,-0.8927785681307254,,,,-4.253250408539932,,
2023-05-29,-0.766872679982622,,,,-5.1112795047630115,,
2023-05-30,-0.7335936538472199,,,,-5.263910463476296,,
2023-05-31,-0.7944678422786455,,,,-3.0565129438020033,,
2023-06-01,-1.0931182809353457,,,,-6.459501371823928,,
2023-06-02,-1.1669466006152263,,,,-6.144698437547369,,
2023-06-03,-0.8243083954169506,,,,-6.134025194395198,,
2023-06-04,-0.7984770074918046,,,,-8.101510187384708,,
2023-06-05,-1.1450526098571778,,,,-10.815232839483924,,
2023-06-06,-1.188773920991204,,,,-4.22094892385182,,
2023-06-07,-1.1747276199998824,,,,-4.804872204386246,,
2023-06-08,-1.3395632568556803,,,,-4.088782974829764,,
2023-06-09,-1.4977742476599554,,,,-4.061560759092342,,
2023-06-10,-1.7607479094935652,,,,-4.180451205882985,,
2023-06-11,-1.5984629035885933,,,,-3.24485790451281,,
2023-06-12,-1.5841001995617665,,,,-3.249601871577068,,
2023-06-13,-1.784247705695008,,,,-3.6532576059844724,,
2023-06-14,-1.8873589913484756,,,,-7.486670785144323,,
2023-06-15,-1.9919060469618777,,,,-5.309456592182238,,
2023-06-16,-1.24091651669741,,,,-3.8700470451123015,,
2023-06-17,-0.8899554445794045,,,,-1.1345096132622912,,
2023-06-18,-1.2467221335938028,,,,-2.0099879986279823,,
2023-06-19,-1.1525111555305112,,,,-0.9522393379486682,,
2023-06-20,-1.1596544064951697,,,,5.8330448358705045,,
2023-06-21,-0.6553831066612226,,,,11.7121247616788,,
2023-06-22,-0.9391076839795232,,,,9.791874314143367,,
2023-06-23,-0.8953617015744708,,,,16.557743720709595,,
2023-06-24,-0.5493212953662896,,,,15.311899051854683,,
2023-06-25,-0.3099143913323221,,,,14.067068275498462,,
2023-06-26,-0.47608294432283094,,,,12.7120193548363,,
2023-06-27,-0.5529850536930225,,,,9.361981115268115,,
2023-06-28,-0.5482043530488312,,,,8.440208534633186,,
2023-06-29,-0.9171768101677191,,,,9.94031284302963,,
2023-06-30,-0.9347814161071444,,,,11.986799140768124,,
2023-07-01,-1.367883162179595,,,,14.050189556017202,,
2023-07-02,-1.3276467522177593,,,,12.386634310467537,,
2023-07-03,-1.3208569672624404,,,,15.098255509394054,,
2023-07-04,-1.1094315358431972,,,,13.46587395045069,,
2023-07-05,-1.0467721527562701,,,,18.56565947093074,,
2023-07-06,-1.0737673352637644,,,,9.788256222530368,,
2023-07-07,-1.3181944893540853,,,,15.206759167086204,,
2023-07-08,-1.222959141605262,,,,14.287617350494997,,
2023-07-09,-1.1435837944696825,,,,13.909382989000974,,
2023-07-10,-0.8485863911355751,,,,17.686323511940817,,
2023-07-11,-1.0260659866134558,,,,18.11552696085521,,
2023-07-12,-1.1890145138389818,,,,17.273797258387226,,
2023-07-13,-1.0713362563583906,,,,21.284517578106165,,
2023-07-14,-0.7534406530791959,,,,20.627531975517943,,
2023-07-15,-0.5670266122777434,,,,18.325416850759545,,
2023-07-16,-1.1503650441463398,,,,14.75418485481117,,
2023-07-17,-1.3595026657549525,,,,13.655433742668377,,
2023-07-18,-1.2248063163766032,,,,13.360531541987331,,
2023-07-19,-1.269199277128641,,,,11.417151095109412,,
2023-07-20,-1.5710852255855445,,,,5.270632072429016,,
2023-07-21,-2.022210924660972,,,,-0.30729591926889066,,
2023-07-22,-1.7719503305310358,,,,-0.3042337071673562,,
2023-07-23,-1.763817904445819,,,,-1.9706078824315298,,
2023-07-24,-1.8824283030107414,,,,-4.4252988214206095,,
2023-07-25,-2.2487719997591915,,,,-4.050040278820033,,
2023-07-26,-2.1468507370154377,,,,-3.026398515395312,,
2023-07-27,-2.1126107400833427,,,,-4.7883452732985665,,
2023-07-28,-2.2872142957144015,,,,-2.5376852594688137,,
2023-07-29,-2.0384564744249656,,,,-3.594439048966891,,
2023-07-30,-1.7978461206906937,,,,-3.9082108164872675,,
2023-07-31,-1.426180857617565,,,,-4.425732118394432,,
2023-08-01,-1.460717594177563,,,,-2.975598874221297,,
2023-08-02,-1.6673474760218965,,,,-6.323588884395404,,
2023-08-03,-1.9472683872346463,,,,-5.112279553319499,,
2023-08-04,-2.2392718419914526,,,,-4.559346542397735,,
2023-08-05,-2.3096492783873823,,,,-2.753932624484745,,
2023-08-06,-1.9288255247176034,,,,-4.140031043312353,,
2023-08-07,-1.962701989988902,,,,-3.5449335190821163,,
2023-08-08,-2.0900663003604825,,,,-1.2940345237230866,,
2023-08-09,-1.8323773793182063,,,,-2.727843383291284,,
2023-08-10,-1.8387272532700338,,,,-3.808850470738445,,
2023-08-11,-1.923075829014509,,,,-3.14012508229099,,
2023-08-12,-1.8987160313705287,,,,-6.434937367724469,,
2023-08-13,-2.0189846221031593,,,,-3.3259754137056508,,
2023-08-14,-2.0056599885198034,,,,-2.8346107828714384,,
2023-08-15,-2.3962459715632156,,,,-3.413569533464389,,
2023-08-16,-2.5643472553088853,,,,-4.67015064038756,,
2023-08-17,-2.682071531097574,,,,-10.83661848151638,,
2023-08-18,-2.650337696803984,,,,-12.88970855465591,,
2023-08-19,-2.7175739715791125,,,,-12.41607382550336,,
2023-08-20,-2.513698818049692,,,,-12.413098644492692,,
2023-08-21,-2.3001136745396944,,,,-12.308115727998937,,
2023-08-22,-1.457859064460465,,,,-13.38845722358416,,
2023-08-23,-1.4635189446417618,,,,-9.404075197504834,,
2023-08-24,-1.279856890190556,,,,-10.430973991161496,,
2023-08-25,-1.160837014028504,,,,-11.215435016946063,,
2023-08-26,-1.108398942337363,,,,-10.968874282323583,,
2023-08-27,-0.9640012712953228,,,,-10.958431664718793,,
2023-08-28,-0.7463502600842054,,,,-11.013903225916355,,
2023-08-29,-0.8912127496152888,,,,-5.343892594162303,,
2023-08-30,-0.4467014344381126,,,,-6.610028307776505,,
2023-08-31,-0.29422053105795376,,,,-12.674918425543137,,
2023-09-01,-0.10712720724871394,,,,-11.5841802288151,,
2023-09-02,0.025918923690171347,,,,-11.386486919753757,,
2023-09-03,0.2227594903607244,,,,-10.794741634520044,,
2023-09-04,0.45644178660191326,,,,-11.165710940340457,,
2023-09-05,0.21969773693817363,,,,-11.332069600205163,,
2023-09-06,-0.11031042591950202,,,,-11.814394958621843,,
2023-09-07,-0.1473783666969264,,,,-11.808432665713141,,
2023-09-08,-0.5060674402421195,,,,-12.411233997442373,,
2023-09-09,-0.3270558771401366,,,,-12.06603125026523,,
2023-09-10,-0.06505610947675766,,,,-12.181119913219685,,
2023-09-11,0.1516681306080736,,,,-14.500935604517394,,
2023-09-12,-0.1239297203282308,,,,-11.820089107775644,,
2023-09-13,-0.03562310224420884,,,,-10.903257219530616,,
2023-09-14,0.3375498259548637,,,,-9.168732876712326,,
2023-09-15,0.5526274719912516,,,,-7.415496627104767,,
2023-09-16,0.6969625123002032,,,,-0.2394133583939917,,
2023-09-17,0.7912721500813458,,,,1.8174176709910173,,
2023-09-18,1.101303894355099,,,,2.5383132037114065,,
2023-09-19,0.8747157206189238,,,,3.8956486810418633,,
2023-09-20,0.8751506019164745,,,,3.820121162387302,,
2023-09-21,0.004651332090710447,,,,1.9653054958550964,,
2023-09-22,0.032645795113017684,,,,0.5577178587750309,,
2023-09-23,0.06460242825365725,,,,1.5122583799496159,,
2023-09-24,0.022857678528498404,,,,0.7228316489517939,,
2023-09-25,0.02401355079342249,,,,1.1048003699067221,,
2023-09-26,-0.16034826017223835,,,,0.45935582146343634,,
2023-09-27,-0.35738962183405887,,,,0.9685681470137819,,
2023-09-28,-0.4666636480517683,,,,-2.507365691141039,,
2023-09-29,-0.6635076432851883,,,,-1.4396708570223016,,
2023-09-30,-1.1194766576559712,,,,3.9388946670069425,,
2023-10-01,-1.0398472569477346,,,,8.477100412516148,,
2023-10-02,-1.0102411056280958,,,,6.281526012668959,,
2023-10-03,-0.8637043108705056,,,,5.6033199839360615,,
2023-10-04,-1.0153672587468021,,,,7.560398388911649,,
2023-10-05,-0.9163374485947839,,,,6.274363080167955,,
2023-10-06,-0.41001733654895123,,,,8.428354868701216,,
2023-10-07,-0.05152521583968728,,,,6.481317844220147,,
2023-10-08,0.11982008495192709,,,,7.744157773875449,,
2023-10-09,0.07239616580736463,,,,6.518938398037788,,
2023-10-10,0.05655450190658051,,,,5.992312398492183,,
2023-10-11,-0.3249228878878574,,,,6.807744216398048,,
2023-10-12,-0.31998148558344264,,,,3.558538860143745,,
2023-10-13,-0.6061193267252296,,,,2.4406986499885486,,
2023-10-14,-0.6212175013850185,,,,1.2432732226282939,,
2023-10-15,-0.556478059837473,,,,2.0832706766917397,,
2023-10-16,-0.3980111231549066,,,,7.308486890085608,,
2023-10-17,-0.42853590442770706,,,,7.043254342378913,,
2023-10-18,-0.2926605148821926,,,,5.819670875414906,,
2023-10-19,-0.06850719489542856,,,,5.525305528135349,,
2023-10-20,0.31336139796624973,,,,9.378949308755757,,
2023-10-21,0.25209862046631226,,,,12.577950683677553,,
2023-10-22,0.28583882940940164,,,,12.837855632062123,,
2023-10-23,0.19163591593727158,,,,24.43573063776434,,
2023-10-24,0.41705913151719454,,,,29.237423414321206,,
2023-10-25,-0.23844074373573498,,,,31.139704107347676,,
2023-10-26,0.2584975799448719,,,,30.242124166767436,,
2023-10-27,0.36156727076372963,,,,28.510343347493006,,
2023-10-28,0.28551260960323344,,,,26.126006101092504,,
2023-10-29,0.1451488904984366,,,,28.315833524114197,,
2023-10-30,0.6038217302930526,,,,27.86148644639086,,
2023-10-31,0.3636902500748329,,,,23.74630125065329,,
2023-11-01,0.2554700440143387,,,,28.83091933626023,,
2023-11-02,0.32692539908274476,,,,27.40102076607771,,
2023-11-03,0.358229312149394,,,,24.97684366041881,,
2023-11-04,0.7712034147973723,,,,27.91525403323338,,
2023-11-05,0.7504645076359395,,,,25.350926154331965,,
2023-11-06,0.5925463896617966,,,,25.358599575700524,,
2023-11-07,0.6351158056147277,,,,26.80107676133403,,
2023-11-08,0.8527599572442979,,,,29.12129414442561,,
2023-11-09,0.7727354687477872,,,,33.993899990215446,,
2023-11-10,1.1301145248056477,,,,38.79407728669062,,
2023-11-11,1.5492255169072378,,,,38.753786954453396,,
2023-11-12,1.776877850310199,,,,37.97978557069466,,
2023-11-13,1.7914554145134431,,,,35.7898041447196,,
2023-11-14,1.8778601517281945,,,,30.923597313854412,,
2023-11-15,1.7012782544624683,,,,32.83215406736235,,
2023-11-16,1.9201087590164923,,,,27.354643679318613,,
2023-11-17,2.0230747528211968,,,,29.286440677966084,,
2023-11-18,1.9945031768729748,,,,27.35414545873731,,
2023-11-19,1.635940199033703,,,,25.922038596462848,,
2023-11-20,1.6974779484628666,,,,25.205718527037966,,
2023-11-21,2.096722793551309,,,,19.168784421151198,,
2023-11-22,2.198824968406221,,,,13.118691599241483,,
2023-11-23,1.9799145902258841,,,,9.938911166642539,,
2023-11-24,2.604729611528378,,,,9.327212825816279,,
2023-11-25,2.7818781131014214,,,,10.626159899694464,,
2023-11-26,2.771194022820933,,,,10.490404525903152,,
2023-11-27,2.8892101877123766,,,,9.277016519468306,,
2023-11-28,2.7540982126260216,,,,9.537712134285314,,
2023-11-29,2.884547200533949,,,,9.804021670365493,,
2023-11-30,3.0999903317030286,,,,8.903609925816491,,
2023-12-01,3.262365377101384,,,,9.206545303224623,,
2023-12-02,3.1722385094267613,,,,12.903705870282378,,
2023-12-03,3.3199003297505802,,,,15.138155093876794,,
2023-12-04,3.105489770679548,,,,19.762181753672834,,
2023-12-05,2.8252781153664364,,,,25.881043805702532,,
2023-12-06,2.9943596976793163,,,,24.871818796333645,,
2023-12-07,2.982496221432074,,,,22.243547297220935,,
2023-12-08,2.6937250992602912,,,,23.98971837533037,,
2023-12-09,2.878692421434881,,,,19.107089189994085,,
2023-12-10,3.026153215980054,,,,17.393020090542976,,
2023-12-11,2.7624391507550694,,,,11.105305682736333,,
2023-12-12,2.5504187317076044,,,,11.947562238746734,,
2023-12-13,2.030415057130308,,,,17.568802068292367,,
2023-12-14,2.2357820345360713,,,,21.014964618624575,,
2023-12-15,2.502568303215602,,,,10.782604561231146,,
2023-12-16,2.4305219232609865,,,,16.907982659869013,,
2023-12-17,2.2920822171837774,,,,13.002513798030924,,
2023-12-18,2.1012890724924294,,,,16.65303912426406,,
2023-12-19,1.9368220957504567,,,,13.158855520336532,,
2023-12-20,2.3039579266606935,,,,16.60975337514334,,
2023-12-21,2.1995870130607553,,,,22.719012692475026,,
2023-12-22,2.113508586014423,,,,17.538067714311858,,
2023-12-23,2.364544686663117,,,,17.18193781995525,,
2023-12-24,2.504630735992608,,,,13.994776946335241,,
2023-12-25,1.9520482303000852,,,,15.339749136264658,,
2023-12-26,1.936195859265144,,,,13.516281357625882,,
2023-12-27,1.71711039734197,,,,16.610369280422745,,
2023-12-28,2.1947526363213177,,,,12.546355827130728,,
2023-12-29,1.82392384759964,,,,11.127592284591792,,
2023-12-30,1.835069793502786,,,,11.706936387378208,,
2023-12-31,1.682542293998246,,,,9.309269406439924,,
2024-01-01,1.34668568319658,,,,11.98772634463321,,
2024-01-02,1.7045498116432967,,,,12.445255784886822,,
2024-01-03,1.7143987715370512,,,,2.034073887085608,,
2024-01-04,2.287929186936366,,,,0.17647864966832127,,
2024-01-05,2.6012531207446177,,,,0.8738493908852396,,
2024-01-06,2.9029219745924983,,,,1.6064930809273292,,
2024-01-07,3.2103128016893745,,,,-0.5478029810968676,,
2024-01-08,3.007391229199463,,,,7.406024669668021,,
2024-01-09,2.9651604933665254,,,,5.299191518699331,,
2024-01-10,2.966920709802179,,,,13.0912603567221,,
2024-01-11,3.480815019672412,,,,11.681105860616858,,
2024-01-12,4.246491706271294,,,,-0.2013108297528432,,
2024-01-13,3.4028401278734854,,,,-0.40506937571388457,,
2024-01-14,3.7499907928029153,,,,-0.49582382577140205,,
2024-01-15,3.6742191330654705,,,,0.5512792341554329,,
2024-01-16,3.303094022143105,,,,4.261788317242554,,
2024-01-17,3.322128856129325,,,,0.2773232562391703,,
2024-01-18,3.7723529558158386,,,,-2.243566620202153,,
2024-01-19,2.926328825951874,,,,-4.602585865969244,,
2024-01-20,2.783551266443607,,,,-4.9376906556502504,,
2024-01-21,2.9662580125026317,,,,-5.432709015252546,,
2024-01-22,2.4791020836758326,,,,-9.459807020980215,,
2024-01-23,2.459625326936621,,,,-7.19653885070305,,
2024-01-24,3.1167428037018885,,,,-8.01184042731652,,
2024-01-25,3.01950106823492,,,,-5.993658273685087,,
2024-01-26,3.4098864083011104,,,,-3.6964828679552753,,
2024-01-27,3.221377732581021,,,,-1.041096933165686,,
2024-01-28,3.4205569640527456,,,,-0.08531638257587293,,
2024-01-29,3.3917250495471896,,,,2.758453432203112,,
2024-01-30,3.7174113216740023,,,,1.5550244326520968,,
2024-01-31,3.7852927010186166,,,,-3.620566529084168,,
2024-02-01,3.3959738967370035,,,,-4.147048150807253,,
2024-02-02,3.57263849498779,,,,0.828026830524653,,
2024-02-03,3.127493295176298,,,,-2.5820647730181223,,
2024-02-04,2.5575252308727148,,,,-3.5388517550415055,,
2024-02-05,2.2943743453654575,,,,-2.8648354087670413,,
2024-02-06,1.8844547683918966,,,,-1.8895709487714463,,
2024-02-07,2.19647122095854,,,,-5.540750535025429,,
2024-02-08,2.2193701759458673,,,,-1.7812838863587088,,
2024-02-09,2.4671367851318404,,,,1.0262359125125187,,
2024-02-10,2.2861036421987224,,,,3.046947765129948,,
2024-02-11,2.2447467390369846,,,,12.895997987973162,,
2024-02-12,2.910775601708604,,,,16.49851019849473,,
2024-02-13,2.117324959312028,,,,19.09128050541127,,
2024-02-14,2.13487566379702,,,,21.839166711752924,,
2024-02-15,3.0961603905847346,,,,20.265334815400358,,
2024-02-16,2.9896269901789063,,,,21.85334801442862,,
2024-02-17,2.8442945859634694,,,,24.95950638194906,,
2024-02-18,3.4712275397382086,,,,25.153346105274178,,
2024-02-19,3.260742041137754,,,,24.171815836707754,,
2024-02-20,3.094627745692824,,,,25.681590309648804,,
2024-02-21,3.3829070565252195,,,,31.038626648490375,,
2024-02-22,3.2940964956442054,,,,28.550138354186714,,
2024-02-23,2.9495663473536604,,,,26.591747312203506,,
2024-02-24,3.5423400974867514,,,,29.046079573905526,,
2024-02-25,3.2194608993103335,,,,23.683665000857168,,
2024-02-26,3.1328959732551898,,,,29.33441403891632,,
2024-02-27,3.4148676265785882,,,,35.70283499868907,,
2024-02-28,3.7939809920349177,,,,44.17599826338774,,
2024-02-29,3.8979499277099094,,,,42.36006995628898,,
2024-03-01,4.452190204174267,,,,46.51925786754345,,
2024-03-02,4.836041280972236,,,,43.87894605149973,,
2024-03-03,4.614242030209237,,,,46.09715277777777,,
2024-03-04,4.928320664224928,,,,58.67003138027893,,
2024-03-05,5.114478961698143,,,,49.647017768643195,,
2024-03-06,5.175871988073943,,,,54.70861908697759,,
2024-03-07,5.5364523609119365,,,,55.045934993775944,,
2024-03-08,5.654568549936512,,,,53.6072253188304,,
2024-03-09,6.296352288661056,,,,50.839713703102205,,
2024-03-10,6.282114879698142,,,,46.30135254091794,,
2024-03-11,6.27370483545906,,,,50.94545485767972,,
2024-03-12,6.605714844408128,,,,47.9337987440577,,
2024-03-13,6.616482653905753,,,,46.387031983119286,,
2024-03-14,7.522645681564399,,,,43.640903275057205,,
2024-03-15,7.574069091361868,,,,34.18210616935906,,
2024-03-16,6.761027715488477,,,,25.868600616808024,,
2024-03-17,6.988452520719157,,,,31.21275356068429,,
2024-03-18,6.474259266027094,,,,30.918926685390225,,
2024-03-19,6.838597798393131,,,,18.795872542827485,,
2024-03-20,7.201519926501598,,,,31.03015698971292,,
2024-03-21,6.850591988258059,,,,25.340124403880516,,
2024-03-22,7.18402853040121,,,,23.04221901164121,,
2024-03-23,7.190608091772233,,,,24.765024931553768,,
2024-03-24,7.153364051860844,,,,32.448745323352554,,
2024-03-25,6.545023584853804,,,,35.50983532105625,,
2024-03-26,7.686065293683164,,,,35.297807703051596,,
2024-03-27,7.812103013505367,,,,27.522928706650784,,
2024-03-28,7.430225954206127,,,,24.095197987844475,,
2024-03-29,7.164439261025457,,,,11.882413053541363,,
2024-03-30,6.948963473485903,,,,13.824741563115772,,
2024-03-31,6.69413639503722,,,,14.252940073315479,,
2024-04-01,6.087649923540406,,,,12.361439314646505,,
2024-04-02,6.32006775869316,,,,3.7234545695667753,,
2024-04-03,6.4807972629911115,,,,-3.344430001534171,,
2024-04-04,7.2986714347131,,,,7.4756437958000355,,
2024-04-05,7.7899081108412815,,,,2.6433679551000733,,
2024-04-06,8.318105279181376,,,,3.101962986790352,,
2024-04-07,7.945378557616323,,,,1.8146270803366615,,
2024-04-08,6.888438788244655,,,,4.840538302441089,,
2024-04-09,6.687411997088,,,,0.2757125280686612,,
2024-04-10,6.376900321312773,,,,-2.0075723416682845,,
2024-04-11,5.635229256478835,,,,-2.0234280323254694,,
2024-04-12,5.860110053782375,,,,-8.150668631293257,,
2024-04-13,5.420352552753482,,,,-10.456003408931414,,
2024-04-14,5.6425160738638125,,,,-5.522328465457138,,
2024-04-15,5.722010784719855,,,,-2.8799722146631623,,
2024-04-16,5.998872309147529,,,,-6.725918903380846,,
2024-04-17,6.911863207522018,,,,-9.366396888980466,,
2024-04-18,4.842415078751605,,,,2.4745630265397,,
2024-04-19,6.758998989574483,,,,-5.92934811368605,,
2024-04-20,6.2069762609300305,,,,-0.8559834030698932,,
2024-04-21,5.880044059761103,,,,1.7939973014252875,,
2024-04-22,7.3215061827181405,,,,4.4214870414929,,
2024-04-23,7.448530455930924,,,,-1.184332864801807,,
2024-04-24,7.53946762936244,,,,-8.000027475668647,,
2024-04-25,6.946331059230948,,,,-7.84371606561125,,
2024-04-26,6.762208186484298,,,,-8.204952958824386,,
2024-04-27,6.6521225227038405,,,,-10.339867138735759,,
2024-04-28,6.594220813030138,,,,-9.637606237546613,,
2024-04-29,6.4428727040205525,,,,-8.215005623566253,,
2024-04-30,6.093483653933318,,,,-14.882166823489495,,
2024-05-01,6.387294378509978,,,,-16.202243222521815,,
2024-05-02,5.845844031679226,,,,-9.781530273360971,,
2024-05-03,5.47892958327012,,,,-4.671189789228181,,
2024-05-04,4.942612251377065,,,,-6.710320189919972,,
2024-05-05,4.538418283776813,,,,-5.615725718815301,,
2024-05-06,3.783242929031516,,,,-8.318059103576402,,
2024-05-07,3.730229575451016,,,,-10.161866160210453,,
2024-05-08,3.7139960506957115,,,,-14.55874057525831,,
2024-05-09,3.6248046311843973,,,,-8.781404564255347,,
2024-05-10,3.7923795434044116,,,,-13.918929173955718,,
2024-05-11,3.8529515639733836,,,,-13.113461473357436,,
2024-05-12,3.536074154793112,,,,-8.392166339971151,,
2024-05-13,3.369925179821509,,,,-1.5399883393709235,,
2024-05-14,3.0212844385988813,,,,-6.220279541359175,,
2024-05-15,2.861303876028032,,,,4.393740837865168,,
2024-05-16,2.864583125153697,,,,2.2601401179652036,,
2024-05-17,2.3045427566887433,,,,9.378062407051724,,
2024-05-18,3.98496976305891,,,,5.427943371112809,,
2024-05-19,2.0631026733140434,,,,3.8484434096268227,,
2024-05-20,2.89871106485442,,,,10.018433771544121,,
2024-05-21,2.6331178658493215,,,,8.018321203120049,,
2024-05-22,1.270487150620725,,,,3.512906147503436,,
2024-05-23,0.9554991057435736,,,,2.3423525160357617,,
2024-05-24,0.8750418050431419,,,,6.626889361092525,,
2024-05-25,0.7582005922428969,,,,7.430005175327015,,
2024-05-26,0.7337866521827108,,,,7.429291605881816,,
2024-05-27,0.6797535027999402,,,,9.414219348340524,,
2024-05-28,0.5158970394305795,,,,8.36483750753738,,
2024-05-29,0.3604771631474213,,,,5.928694454013095,,
2024-05-30,0.3249538256483886,,,,12.65850804324895,,
2024-05-31,0.48205979248288067,,,,15.72011430829141,,
2024-06-01,0.788127105409897,,,,14.741195527780704,,
2024-06-02,0.7365864537796307,,,,7.766322991265717,,
2024-06-03,0.1934935036837837,,,,7.697140363650923,,
2024-06-04,0.21049176183602913,,,,10.194713491220387,,
2024-06-05,0.39727514536003206,,,,12.574663354926985,,
2024-06-06,0.5491346737308778,,,,13.620119886866222,,
2024-06-07,0.8038728487516078,,,,13.339051849532545,,
2024-06-08,1.0747747151469422,,,,9.887511512269477,,
2024-06-09,1.0750612527907766,,,,14.552880683039593,,
2024-06-10,1.2405319679506865,,,,14.326129340434912,,
2024-06-11,0.9528083022515288,,,,9.48254984752943,,
2024-06-12,0.8694558359768623,,,,8.458695953357553,,
2024-06-13,0.9743023864001055,,,,8.437368915166887,,
2024-06-14,1.1704674879625454,,,,-0.24545928269882333,,
2024-06-15,0.8478817469594002,,,,1.5222454254381956,,
2024-06-16,0.5895816842623525,,,,-0.517918954404395,,
2024-06-17,0.4916835512226658,,,,-0.6140159485438224,,
2024-06-18,0.17947845375623217,,,,-1.6577991885506793,,
2024-06-19,0.4883880846918709,,,,-9.05886100700074,,
2024-06-20,0.5426027415591284,,,,-7.52455439430213,,
2024-06-21,0.5589894692306308,,,,-7.262260321525038,,
2024-06-22,0.6982431431020064,,,,-5.454846390999501,,
2024-06-23,0.8254753869960219,,,,-7.789906315084805,,
2024-06-24,0.4222448247586552,,,,-12.984840505713846,,
2024-06-25,0.3863718574772079,,,,-9.782349917899701,,
2024-06-26,0.5924132379649505,,,,-12.344298230770212,,
2024-06-27,0.671802205269767,,,,-9.783739061694286,,
2024-06-28,0.7723100074030764,,,,-10.678967581647491,,
2024-06-29,0.8304885693038999,,,,-10.775795413664257,,
2024-06-30,0.5596454548943086,,,,-7.059519239040668,,
2024-07-01,0.3322694287946737,,,,-7.181771028164963,,
2024-07-02,0.42745797398524576,,,,-8.308282532015133,,
2024-07-03,0.5135779258410356,,,,-12.500119895538276,,
2024-07-04,0.3483578439607671,,,,-19.121410579059408,,
2024-07-05,0.3734224883901627,,,,-20.362279912246162,,
2024-07-06,0.4811389463845295,,,,-17.752961691864265,,
2024-07-07,0.4333527620393074,,,,-19.461716141162366,,
2024-07-08,0.24492597419714102,,,,-18.173072289521674,,
2024-07-09,0.22026755719248836,,,,-16.652476290106243,,
2024-07-10,0.37324616425997714,,,,-16.988999137187232,,
2024-07-11,0.858054831816335,,,,-14.817592830283765,,
2024-07-12,0.9499579476349052,,,,-15.198188678979951,,
2024-07-13,0.6075179739391423,,,,-11.335403331375948,,
2024-07-14,0.7236390276766258,,,,-7.943311722989477,,
2024-07-15,0.9350665694246363,,,,-2.2711003235024285,,
2024-07-16,1.1488997616002417,,,,-2.4489451889388336,,
2024-07-17,1.270435415876081,,,,-3.6333574069538077,,
2024-07-18,1.482086411334338,,,,-1.8218552666868448,,
2024-07-19,1.1913573766246799,,,,2.594299875473971,,
2024-07-20,1.9126884771989205,,,,3.499260598005338,,
2024-07-21,1.8509786424808938,,,,6.269966930429183,,
2024-07-22,1.6740163414253884,,,,5.088542982082256,,
2024-07-23,1.731289407329073,,,,4.312608082169245,,
2024-07-24,2.048684349205243,,,,8.42995822089685,,
2024-07-25,1.9782314672682322,,,,6.462057654263709,,
2024-07-26,1.680171371700112,,,,11.571512621623704,,
2024-07-27,1.8004262052809583,,,,10.03141161696659,,
2024-07-28,1.9677376705217409,,,,12.944430911315074,,
2024-07-29,2.1093655815884294,,,,9.507010383250902,,
2024-07-30,1.899118185274018,,,,5.441899980580511,,
2024-07-31,2.0247390147658972,,,,2.7472341410547108,,
2024-08-01,1.859880308966888,,,,5.179891614242238,,
2024-08-02,1.6659376634274414,,,,2.142136552630869,,
2024-08-03,1.6960902213987383,,,,6.3943547073874285,,
2024-08-04,1.5371918190849376,,,,2.7057085274115877,,
2024-08-05,1.4005377528913288,,,,-7.232200924160736,,
2024-08-06,1.4050773118667426,,,,0.293960683385186,,
2024-08-07,1.6853830100280742,,,,-2.786688864352793,,
2024-08-08,2.6867334622338257,,,,6.2635486649440075,,
2024-08-09,2.269643213469985,,,,5.3912415321731855,,
2024-08-10,2.12041777948071,,,,6.249785271649455,,
2024-08-11,1.8997050022138806,,,,1.4225303209066897,,
2024-08-12,2.341825342259707,,,,0.24089580403492405,,
2024-08-13,2.3958094240285277,,,,-0.3466566531645565,,
2024-08-14,2.3508220070712182,,,,-9.333071092176738,,
2024-08-15,2.6953829773207705,,,,-11.535162587657988,,
2024-08-16,2.6530707365806094,,,,-8.134737881465782,,
2024-08-17,2.9120910813057455,,,,-7.026216823425424,,
2024-08-18,2.975494053834593,,,,-12.350210021002106,,
2024-08-19,2.3696699508779284,,,,-11.470754525322935,,
2024-08-20,2.351375433732805,,,,-13.425503342314427,,
2024-08-21,2.6184236406748385,,,,-9.44141896561349,,
2024-08-22,2.7130300154881715,,,,-8.432675862552186,,
2024-08-23,2.659769697572112,,,,-2.0477851199216857,,
2024-08-24,3.1431184992364525,,,,-2.496871198230388,,
2024-08-25,3.636160587643511,,,,-5.430863142908526,,
2024-08-26,3.476047229302437,,,,-7.456201718792577,,
2024-08-27,3.2105378267429208,,,,-12.944901881146176,,
2024-08-28,3.184701903069742,,,,-11.60414160790445,,
2024-08-29,3.546906959112439,,,,-10.317565117543959,,
2024-08-30,3.708563308776225,,,,-8.516447979204067,,
2024-08-31,3.690522815295738,,,,-9.762260990219119,,
2024-09-01,3.7595715104248306,,,,-6.823713749625393,,
2024-09-02,3.975576697491423,,,,-2.5797559359049593,,
2024-09-03,3.846130829372907,,,,-1.157597015181988,,
2024-09-04,3.52439482714908,,,,7.316136730890599,,
2024-09-05,3.670229965798777,,,,0.28201415836381916,,
2024-09-06,3.194062752175708,,,,-2.1242547270149847,,
2024-09-07,2.1608737887170104,,,,-12.199090911891009,,
2024-09-08,2.543376063019953,,,,-9.80972579797591,,
2024-09-09,2.3886250825253974,,,,-6.3711201143860645,,
2024-09-10,3.035761067700249,,,,-1.83367826219214,,
2024-09-11,2.6942327386914933,,,,-3.3845892539156375,,
2024-09-12,2.4716481779428534,,,,-4.05173374222092,,
2024-09-13,2.1309528442841064,,,,3.0922037735038765,,
2024-09-14,2.1998278676035987,,,,4.261252747168709,,
2024-09-15,2.4637389921285724,,,,0.4372004225930981,,
2024-09-16,1.8893049974385123,,,,-2.1481883527513568,,
2024-09-17,1.6186059473135561,,,,3.2290357170058126,,
2024-09-18,1.9847544381276228,,,,3.905700850458871,,
2024-09-19,2.1358286027126194,,,,6.6665593471357365,,
2024-09-20,1.8143824538050302,,,,3.3439384472798483,,
2024-09-21,1.994406080805966,,,,4.924353847499274,,
2024-09-22,2.053716384299409,,,,-0.7159584017049969,,
2024-09-23,1.6281409146647219,,,,-1.27346957097908,,
2024-09-24,1.359170312478386,,,,0.06649018997195721,,
2024-09-25,1.390289878052653,,,,0.5061113409937423,,
2024-09-26,1.6765907694302085,,,,9.69282167802743,,
2024-09-27,1.97950962159541,,,,11.408590511714255,,
2024-09-28,1.6936423329412253,,,,10.948615888304069,,
2024-09-29,1.5779482649873833,,,,10.956669196378655,,
2024-09-30,1.6228076776567457,,,,7.382237491477173,,
2024-10-01,1.423192606074264,,,,6.114845137662206,,
2024-10-02,1.3838650473785297,,,,2.5656948261461254,,
2024-10-03,1.537665913013675,,,,5.679438029645634,,
2024-10-04,1.681509470563225,,,,7.098561519658997,,
2024-10-05,1.5094784239526815,,,,10.462798148807394,,
2024-10-06,2.144153252015668,,,,16.41299580063884,,
2024-10-07,1.447787461101524,,,,14.887392851590619,,
2024-10-08,1.6336154752710108,,,,13.286944857795579,,
2024-10-09,1.70107869358882,,,,6.30065565723501,,
2024-10-10,1.3224400622344312,,,,4.667916695800667,,
2024-10-11,1.1785348662979533,,,,9.072517353238684,,
2024-10-12,1.3893161876341376,,,,8.728191133606922,,
2024-10-13,1.6865299200051087,,,,3.920823828886899,,
2024-10-14,1.41628383821788,,,,10.152779414542001,,
2024-10-15,0.6011210580700865,,,,13.431204762226878,,
2024-10-16,0.838139700403584,,,,16.157662445058296,,
2024-10-17,0.8762420745058064,,,,11.784645651862856,,
2024-10-18,0.5080147902567722,,,,10.796650064224433,,
2024-10-19,0.560232963454288,,,,8.626184886920152,,
2024-10-20,0.6326467973571726,,,,9.226017605720171,,
2024-10-21,0.23533308158736332,,,,6.35928356203479,,
2024-10-22,0.20097732859514217,,,,6.0511403493871185,,
2024-10-23,0.177761936013221,,,,5.255226595394147,,
2024-10-24,-0.05772138544061223,,,,6.124205799009386,,
2024-10-25,-0.44651019613881626,,,,5.615529893664517,,
2024-10-26,-0.06998096706084533,,,,2.944073241487888,,
2024-10-27,-0.28230507037365626,,,,3.4236760100927466,,
2024-10-28,0.11158927221759374,,,,6.231908044580781,,
2024-10-29,-0.3436255675985711,,,,10.875291778407403,,
2024-10-30,0.012237125805536486,,,,14.238896506246345,,
2024-10-31,0.5344635662084762,,,,15.600868864769101,,
2024-11-01,-0.032675905207746325,,,,14.586702430762566,,
2024-11-02,0.1574128682154008,,,,14.192008883225139,,
2024-11-03,0.27644792463035195,,,,10.77535998453758,,
2024-11-04,0.42843576231883507,,,,9.333220535627952,,
2024-11-05,0.7887345907068299,,,,10.429973554562544,,
2024-11-06,1.5795838330974865,,,,21.451513885317564,,
2024-11-07,2.254307854417692,,,,22.035540582128622,,
2024-11-08,2.6239533092607736,,,,26.178763052060482,,
2024-11-09,3.2750173435847962,,,,27.104340239818782,,
2024-11-10,3.5166518620110443,,,,28.50976974736168,,
2024-11-11,4.0248116343255536,,,,40.25200367938473,,
2024-11-12,4.223973664747627,,,,39.89499287577767,,
2024-11-13,4.133947015507844,,,,36.75808618698717,,
2024-11-14,5.170151372635301,,,,30.19263459807311,,
2024-11-15,6.43614509417767,,,,34.622976246232454,,
2024-11-16,6.7377532898591275,,,,34.35854111238237,,
2024-11-17,6.9595654573052945,,,,31.314651896884314,,
2024-11-18,7.013886947520787,,,,32.299979525578415,,
2024-11-19,7.1355376316710295,,,,33.72175711579513,,
2024-11-20,7.589733179161451,,,,39.93775370116137,,
2024-11-21,8.520526458352151,,,,45.81484887135525,,
2024-11-22,9.080009178160564,,,,48.3335870757845,,
2024-11-23,10.51229029502192,,,,43.21827471308659,,
2024-11-24,11.9633886681201,,,,46.78034667434701,,
2024-11-25,11.594882111438531,,,,38.6289817261952,,
2024-11-26,10.910048076481305,,,,35.199737730753576,,
2024-11-27,10.849858733012807,,,,37.021271912365236,,
2024-11-28,12.261109842490603,,,,31.493933850469947,,
2024-11-29,12.402537170515359,,,,34.71608302137792,,
2024-11-30,12.67415766781641,,,,37.153554152171786,,
2024-12-01,11.949353953734976,,,,39.842819753249145,,
2024-12-02,11.816106177520691,,,,38.14915918964164,,
2024-12-03,12.310813127429544,,,,39.36504585393828,,
2024-12-04,12.316177677396745,,,,45.30185036081795,,
2024-12-05,12.162155724724721,,,,39.747471638777675,,
2024-12-06,12.408582798188593,,,,31.98122743624985,,
2024-12-07,11.93946067091689,,,,31.60396367470808,,
2024-12-08,11.7283698031599,,,,32.15250390211553,,
2024-12-09,11.498815938332196,,,,26.864491859798157,,
2024-12-10,11.521532485948338,,,,20.18537760540282,,
2024-12-11,10.957904827157794,,,,14.074780488536742,,
2024-12-12,11.808396847319758,,,,13.703245667722651,,
2024-12-13,11.969404368590975,,,,12.225754410501999,,
2024-12-14,11.82090431520184,,,,16.14006844958047,,
2024-12-15,10.606794595181368,,,,14.755151673470678,,
2024-12-16,10.538403326771517,,,,17.079441491111535,,
2024-12-17,10.600808875007317,,,,18.11537550251241,,
2024-12-18,10.447719917309705,,,,10.766626930821598,,
2024-12-19,10.43061421934759,,,,5.580138573183047,,
2024-12-20,10.301414352581295,,,,3.7321119786319468,,
2024-12-21,9.270510717275826,,,,-1.0426770027437637,,
2024-12-22,8.814910926010233,,,,-3.747249524734053,,
2024-12-23,8.074890228689524,,,,-2.8574397680409147,,
2024-12-24,6.813028070784233,,,,0.779917965304211,,
2024-12-25,6.84390834752715,,,,6.902042049022472,,
2024-12-26,7.594291257773289,,,,4.160749570815736,,
2024-12-27,7.647180453888636,,,,-1.631576526152767,,
2024-12-28,6.901487612415713,,,,-0.359646263152158,,
2024-12-29,6.275638882098811,,,,-3.8187974553663073,,
2024-12-30,5.626459986489718,,,,-3.750664234364809,,
2024-12-31,6.303346500637752,,,,-3.7137143749695123,,
2025-01-01,5.816763882869469,,,,-1.3030278810800655,,
2025-01-02,5.077645156143262,,,,1.1842500481743734,,
2025-01-03,5.876763486148651,,,,-0.4190599764756886,,
2025-01-04,6.052090940932708,,,,1.3150360671233985,,
2025-01-05,5.717750198809024,,,,-1.380808503317188,,
2025-01-06,5.079350846529351,,,,2.4076551013357594,,
2025-01-07,4.983652077010703,,,,-4.109382700493591,,
2025-01-08,4.24484458282135,,,,-2.277899269987904,,
2025-01-09,4.2605240069830685,,,,-4.183025685091046,,
2025-01-10,3.924429566200849,,,,-6.3277033374536495,,
2025-01-11,2.859779572201404,,,,-5.404068165475695,,
2025-01-12,2.561141500141484,,,,-6.7825889765021685,,
2025-01-13,2.254406892453198,,,,-6.787517254979292,,
2025-01-14,2.0739650583435187,,,,-7.565410817641571,,
2025-01-15,2.1720650074401604,,,,-5.243617070025208,,
2025-01-16,2.3385220062502654,,,,-5.791221528610979,,
2025-01-17,2.345918663505242,,,,3.865583822443841,,
2025-01-18,3.071741645871029,,,,7.279124367214007,,
2025-01-19,2.8066249078754213,,,,3.605249360362772,,
2025-01-20,2.958126935571359,,,,5.106299089986743,,
2025-01-21,2.9618530501351215,,,,11.511691759746444,,
2025-01-22,3.9465203639130753,,,,9.301278742835661,,
2025-01-23,4.831495325144863,,,,5.3178285239599,,
2025-01-24,4.978730637156725,,,,5.472112932165074,,
2025-01-25,5.139358693204721,,,,9.348679842491414,,
2025-01-26,4.905450681338008,,,,8.824025019133286,,
2025-01-27,4.751727111964765,,,,7.1173452256033665,,
2025-01-28,4.970807433598079,,,,8.104828127700348,,
2025-01-29,5.4284594603349,,,,11.791085550971236,,
2025-01-30,5.8837914042082495,,,,11.912178336325564,,
2025-01-31,6.540291060459991,,,,8.285888236177797,,
2025-02-01,6.871030002157563,,,,3.7643634635905254,,
2025-02-02,5.917376264511609,,,,-0.4823977139406632,,
2025-02-03,5.056673314561744,,,,3.1643292388045197,,
2025-02-04,5.453896822042759,,,,-0.6104696645436225,,
2025-02-05,6.769642998753511,,,,-5.500207364166698,,
2025-02-06,7.266483493352793,,,,-0.4128323552639701,,
2025-02-07,7.7568593226266636,,,,1.5213346516501414,,
2025-02-08,8.24848899668611,,,,4.205451414651296,,
2025-02-09,8.422508567325826,,,,1.8333276854713088,,
2025-02-10,8.396192049064721,,,,2.9924210351396363,,
2025-02-11,8.533508020998415,,,,1.3042881352024027,,
2025-02-12,8.395716790074271,,,,3.526578735530661,,
2025-02-13,8.553794395533899,,,,0.04896393839077806,,
2025-02-14,8.485552145192088,,,,-2.9820388298796074,,
2025-02-15,8.195395934415739,,,,-2.4179470792790703,,
2025-02-16,8.151928034375189,,,,-7.647533356879899,,
2025-02-17,7.374960687168963,,,,-8.393789638360138,,
2025-02-18,7.255849220711741,,,,-5.585455746910862,,
2025-02-19,7.024445666487855,,,,-5.491530853556537,,
2025-02-20,7.381375855817329,,,,-7.385093168872203,,
2025-02-21,5.977625234430151,,,,-7.255734588308993,,
2025-02-22,5.658530207063883,,,,-7.08238467894533,,
2025-02-23,5.1896364527942,,,,-8.212509714362003,,
2025-02-24,4.960841799457083,,,,-12.596054201152585,,
2025-02-25,4.6643136718380385,,,,-13.583706879750546,,
2025-02-26,4.1681399630291605,,,,-17.46889266294832,,
2025-02-27,3.7980314187798347,,,,-16.40781041040693,,
2025-02-28,3.5723745737257673,,,,-18.685717326480887,,
2025-03-01,3.8733050599756957,,,,-17.816927217665967,,
2025-03-02,3.2335759108500506,,,,-7.966020746354863,,
2025-03-03,3.1304903593107447,,,,-14.323989560359573,,
2025-03-04,3.153803928485721,,,,-10.663814824454999,,
2025-03-05,3.3798697283989654,,,,-10.581926983636992,,
2025-03-06,3.466331376095666,,,,-8.010422743216184,,
2025-03-07,2.2554750284733416,,,,-10.154676784343375,,
2025-03-08,2.1402375545066077,,,,-10.70060541032073,,
2025-03-09,1.9755495484660823,,,,-16.34333539191022,,
2025-03-10,1.412382109910948,,,,-18.50684651127682,,
2025-03-11,1.2020637240662158,,,,-14.025890823141573,,
2025-03-12,1.4850514344737942,,,,-14.11329597759724,,
2025-03-13,1.5821313396645165,,,,-15.308723697041703,,
2025-03-14,1.6483468250095834,,,,-14.189017491470068,,
2025-03-15,1.8875132641090309,,,,-12.700482588734241,,
2025-03-16,1.869513034867798,,,,-15.308591301294106,,
2025-03-17,1.7068553455749091,,,,-13.897383674392227,,
2025-03-18,1.725820930080868,,,,-13.944394667727577,,
2025-03-19,1.7716423588897579,,,,-9.327688452704109,,
2025-03-20,2.154462479910535,,,,-11.9662817881226,,
2025-03-21,2.142568060161665,,,,-12.99152759752069,,
2025-03-22,2.123785343331064,,,,-14.713809063628503,,
2025-03-23,2.579624210352849,,,,-10.50038687080469,,
2025-03-24,2.420074224081592,,,,-9.376235422084134,,
2025-03-25,2.966078878454681,,,,-9.209759188846645,,
2025-03-26,3.383347123604463,,,,-5.072161574818845,,
2025-03-27,3.715997740510346,,,,-1.6332695838088274,,
2025-03-28,3.946138860058035,,,,0.2068721825697839,,
2025-03-29,3.9580819757844,,,,-2.4319142169541785,,
2025-03-30,4.072469160946901,,,,-2.323593828282511,,
2025-03-31,3.6477902652378935,,,,-4.083587047997595,,
2025-04-01,4.063265138044558,,,,-9.665492733637427,,
2025-04-02,4.165614103551918,,,,-4.296327757365681,,
2025-04-03,4.277932846046539,,,,-4.661775546338431,,
2025-04-04,4.0844579851900376,,,,-7.412466347431035,,
2025-04-05,3.412327379753255,,,,-7.10971380674863,,
2025-04-06,3.2425669449873906,,,,-9.644678822719587,,
2025-04-07,2.547781005609573,,,,-8.187206464209718,,
2025-04-08,2.3417324228577785,,,,-5.464772933757944,,
2025-04-09,2.2262948114782466,,,,5.113958928625495,,
2025-04-10,2.453942468473569,,,,-4.010092967828605,,
2025-04-11,2.0365852656221817,,,,-0.3062615110972611,,
2025-04-12,1.805415442912972,,,,5.129852662453582,,
2025-04-13,1.878359870937496,,,,-0.26576743920212476,,
2025-04-14,1.443447154198907,,,,0.3001478329454521,,
2025-04-15,1.3626540924160935,,,,1.295145125258368,,
2025-04-16,1.5741303144211738,,,,0.024223298099057544,,
2025-04-17,1.5672674405964537,,,,2.6994852084318843,,
2025-04-18,1.646586380912951,,,,-2.73040973475559,,
2025-04-19,1.1583691222946113,,,,1.0135189286491597,,
2025-04-20,1.2323499416935446,,,,1.2967840303089284,,
2025-04-21,0.9657313507388521,,,,4.384081743699553,,
2025-04-22,0.6275443556010174,,,,8.550506781285394,,
2025-04-23,0.9914600558700304,,,,7.077771692570445,,
2025-04-24,0.7769163578907445,,,,7.537914706314153,,
2025-04-25,0.752371621990866,,,,8.89377956319224,,
2025-04-26,0.9618696707640595,,,,8.478527549691917,,
2025-04-27,1.5056587261274013,,,,11.04529284076472,,
2025-04-28,2.0638504300954263,,,,14.958086373939583,,
2025-04-29,2.2574258539663106,,,,14.40324243272757,,
2025-04-30,2.906460947354339,,,,14.078726338131275,,
2025-05-01,2.931031572774323,,,,13.306471215855087,,
2025-05-02,2.903861677235553,,,,17.415773297611903,,
2025-05-03,2.9072871171486714,,,,15.193919610484352,,
2025-05-04,3.0090861383691214,,,,12.382603525312419,,
2025-05-05,3.2090579303890587,,,,13.401914506202495,,
2025-05-06,3.2905676353297775,,,,23.46553614688258,,
2025-05-07,3.1600226068157156,,,,22.570147457329924,,
2025-05-08,3.388084443793593,,,,35.296548510909396,,
2025-05-09,3.8291762880718228,,,,24.640459711902963,,
2025-05-10,3.725646776735436,,,,31.658189638387423,,
2025-05-11,3.8892890316625017,,,,24.80605064451602,,
2025-05-12,3.9507931275889474,,,,20.538293488623548,,
2025-05-13,3.558450020505588,,,,24.288108882521485,,
2025-05-14,3.5851929853980558,,,,22.36184736116762,,
2025-05-15,3.780067594901282,,,,24.053993598344615,,
2025-05-16,3.821204641661735,,,,23.12677867218973,,
2025-05-17,3.97538065755616,,,,21.399867283373997,,
2025-05-18,3.7713447759776475,,,,26.019118862703117,,
2025-05-19,4.07148079916082,,,,24.091972672758487,,
2025-05-20,4.022720504374888,,,,25.441351672074084,,
2025-05-21,4.080694044866551,,,,25.284178717479033,,
2025-05-22,4.443357532216785,,,,19.534070988096587,,
2025-05-23,4.13149626310878,,,,14.544842475932619,,
2025-05-24,4.037990570181638,,,,14.664153094786613,,
2025-05-25,3.6989499632447576,,,,15.179322027737507,,
2025-05-26,3.4297024359689843,,,,15.647366529991125,,
2025-05-27,3.2553651472521095,,,,16.201582305147877,,
2025-05-28,2.849769354207221,,,,13.441155030386964,,
2025-05-29,2.547953937257197,,,,12.023458886051941,,
2025-05-30,1.9968256581840427,,,,10.420804485409674,,
2025-05-31,1.9501443699700305,,,,8.396701789855543,,
2025-06-01,1.9382594847450196,,,,9.037102344026259,,
2025-06-02,1.8677467524935487,,,,10.433907295932809,,
2025-06-03,1.9713966475908729,,,,11.772963721400686,,
2025-06-04,2.269644807805493,,,,10.517041035458563,,
2025-06-05,2.487954734872977,,,,4.827497608794906,,
2025-06-06,2.729156777270103,,,,7.480060393381471,,
2025-06-07,2.94611860192715,,,,2.218201151250798,,
2025-06-08,2.814338013099671,,,,2.682292534115338,,
2025-06-09,2.869999367886744,,,,5.203238674956379,,
2025-06-10,2.921677856368654,,,,5.912896905434217,,
2025-06-11,2.811560287058734,,,,5.69483882491244,,
2025-06-12,3.273890028133697,,,,1.5061997784517223,,
2025-06-13,3.3170302397039553,,,,2.472054768422316,,
2025-06-14,3.474094239179748,,,,1.5910475830133608,,
2025-06-15,3.2023717718838496,,,,2.0587953866034514,,
2025-06-16,2.9500930966718686,,,,3.5566752144087,,
2025-06-17,2.8885108477575416,,,,-1.7877067578131678,,
2025-06-18,2.900207664318577,,,,-0.6506921133986654,,
2025-06-19,2.9407992011698525,,,,-2.050912686093853,,
2025-06-20,2.7598032202267087,,,,-5.787822934936971,,
2025-06-21,2.2408761360341867,,,,-8.57343324361678,,
2025-06-22,2.018934194727584,,,,-5.921105720086883,,
2025-06-23,1.9572227360681538,,,,-2.253096664674936,,
2025-06-24,1.6112315496390472,,,,-2.6798878098172163,,
2025-06-25,2.32702788431558,,,,-1.913660180642729,,
2025-06-26,2.1554810495072685,,,,-1.8277432051594045,,
2025-06-27,2.3170510163750935,,,,-0.6811819214713299,,
2025-06-28,2.447427843847283,,,,1.616672072810088,,
2025-06-29,2.5069606574579906,,,,4.203904237399292,,
2025-06-30,2.4403274680238507,,,,2.442464940873035,,
2025-07-01,2.498546355550535,,,,0.036169008186348606,,
2025-07-02,2.5007105944169217,,,,2.826059705082251,,
2025-07-03,2.3994238301424886,,,,3.993181047571248,,
2025-07-04,2.2387448403608623,,,,3.1399031451373016,,
2025-07-05,2.132421670149953,,,,6.590017720652064,,
2025-07-06,2.311823761334608,,,,4.713274069494178,,
2025-07-07,2.0501603203275653,,,,2.5681997003377033,,
2025-07-08,1.9830840404338357,,,,3.0160402519530116,,
2025-07-09,1.9498522879440205,,,,0.8805944186908832,,
2025-07-10,1.9934252904264982,,,,5.2012167104257045,,
2025-07-11,2.561030572749168,,,,8.17573766773878,,
2025-07-12,2.71207311315953,,,,11.11770385513704,,
2025-07-13,2.8405234381146727,,,,12.275354567352448,,
2025-07-14,2.571911604422872,,,,13.685518444117427,,
2025-07-15,2.4608743948183243,,,,11.519668587261723,,
2025-07-16,2.0730794230170657,,,,11.082871004722804,,
2025-07-17,3.187188562697596,,,,13.989695189446461,,
2025-07-18,3.4331527847448973,,,,12.430603742435409,,
2025-07-19,3.6033957245596993,,,,12.594675697427228,,
2025-07-20,3.7907856119307803,,,,13.521202106643116,,
2025-07-21,4.031057099518542,,,,14.943545344345344,,
2025-07-22,4.216944066108441,,,,18.80925325069256,,
2025-07-23,4.337609377450269,,,,12.742389845323366,,
2025-07-24,4.97173952098795,,,,11.55509365308296,,
2025-07-25,4.688492144996692,,,,9.571151935269961,,
2025-07-26,4.682554484192036,,,,10.260151143939833,,
2025-07-27,4.855968952566614,,,,11.55370242338012,,
2025-07-28,4.865018951309219,,,,10.033412928755858,,
2025-07-29,4.712836316297819,,,,8.853914558118259,,
2025-07-30,4.736398311993462,,,,9.98054066161751,,
2025-07-31,4.877500816062175,,,,9.5409076775667,,
2025-08-01,4.979736421652325,,,,4.0866755596713045,,
2025-08-02,4.919196323566188,,,,2.70253770642237,,
2025-08-03,4.795070706538551,,,,5.764322645600872,,
2025-08-04,4.951559672205819,,,,6.337365196363853,,
2025-08-05,5.051597562537724,,,,4.5107479736976375,,
2025-08-06,5.098931753868885,,,,6.215728115271957,,
2025-08-07,5.074496300609699,,,,7.848692718469508,,
2025-08-08,5.469777651226448,,,,4.891265700349323,,
2025-08-09,5.510417292410152,,,,0.3898370830100806,,
2025-08-10,5.31851104039498,,,,1.5029228013218265,,
2025-08-11,4.68445373496349,,,,1.0781808891159983,,
2025-08-12,4.859455775613242,,,,0.8795613009150438,,
2025-08-13,5.132580133894504,,,,2.891535280276769,,
2025-08-14,5.921075743906146,,,,0.4560196246389481,,
2025-08-15,6.991385895310986,,,,-1.086045123498236,,
2025-08-16,6.463461719715169,,,,-1.5077502845334267,,
2025-08-17,6.117447078812277,,,,-0.4408146748386521,,
2025-08-18,6.243783800154579,,,,-1.3687627291242288,,
2025-08-19,6.107152478363598,,,,-3.7455127321747494,,
2025-08-20,5.937337565648182,,,,-2.6487565722238315,,
2025-08-21,5.907373159343554,,,,-6.214377094232959,,
2025-08-22,5.281048885986839,,,,-1.532554273683373,,
2025-08-23,4.838845853166895,,,,-2.4530300109877445,,
2025-08-24,4.892312507147012,,,,-3.5035872760721065,,
2025-08-25,4.998992440660044,,,,-6.6214473050752565,,
2025-08-26,5.45999538154931,,,,-6.408152037150938,,
2025-08-27,5.423698186341253,,,,-5.759932550876535,,
2025-08-28,5.64450182258287,,,,-4.564497931170597,,
2025-08-29,6.521343397004098,,,,-8.030274872008992,,
2025-08-30,6.328461549474418,,,,-6.00164576093033,,
2025-08-31,6.250490320303426,,,,-4.458669280188953,,
2025-09-01,6.424136827670557,,,,-2.9400598064708516,,
2025-09-02,6.420754072440249,,,,-2.5994406735733167,,
2025-09-03,5.879583136930133,,,,-2.911059168816865,,
2025-09-04,6.3800704793272045,,,,-2.9780841542192182,,
2025-09-05,7.3042807506651375,,,,-3.7674532383785486,,
2025-09-06,6.671933545139042,,,,-6.200660055105889,,
2025-09-07,6.323543617137917,,,,-4.746014432944101,,
2025-09-08,6.000837401416548,,,,-3.7754894826435237,,
2025-09-09,5.775744039141784,,,,-6.494559114912812,,
2025-09-10,6.207241164591437,,,,-3.981935527357905,,
2025-09-11,5.959737701555667,,,,-3.871832206148329,,
2025-09-12,5.913951299152176,,,,-5.901565717213608,,
2025-09-13,5.781423168451649,,,,-2.0092127238755197,,
2025-09-14,5.403911819241558,,,,-1.7675164188796888,,
2025-09-15,4.83112217503241,,,,-1.730225405105068,,
2025-09-16,4.958517902817916,,,,-0.5247220710598244,,
2025-09-17,4.936251612608555,,,,0.18974928813901837,,
2025-09-18,4.998852246621355,,,,3.7215208534481237,,
2025-09-19,5.42032423922767,,,,1.1911483589396532,,
2025-09-20,5.552678489261864,,,,2.8316711111111115,,
2025-09-21,6.058488236276727,,,,-1.4569509352937549,,
2025-09-22,6.09409655408284,,,,-2.414333921960743,,
2025-09-23,5.896003166808961,,,,-1.3170699772559802,,
2025-09-24,6.168257640302377,,,,2.901609797589688,,
2025-09-25,5.746843328779083,,,,-2.4773176721286316,,
2025-09-26,5.6971023101850315,,,,-1.4547193601841202,,
2025-09-27,5.756640040360272,,,,-2.603829367247379,,
2025-09-28,4.934723413633502,,,,3.4938557300691953,,
2025-09-29,4.955144798428424,,,,5.050372494643041,,
2025-09-30,5.108633794131245,,,,5.360531786984035,,
2025-10-01,5.336400749804415,,,,8.566267859493571,,
2025-10-02,5.656112655019285,,,,8.350718415073866,,
2025-10-03,6.394727883772955,,,,9.423233601934932,,
2025-10-04,6.236902746725814,,,,10.53015297360167,,
2025-10-05,5.446012286783786,,,,11.587132802018129,,
2025-10-06,5.858055063273682,,,,13.132622372478586,,
2025-10-07,6.072234606671811,,,,9.17388341308152,,
2025-10-08,6.438378439642123,,,,10.030559880169786,,
2025-10-09,6.384003202033051,,,,9.068881565777254,,
2025-10-10,6.27483550466057,,,,-1.0402772902772917,,
2025-10-11,6.347692667710714,,,,-4.189623570424283,,
2025-10-12,5.89894744842836,,,,-0.9227142564359969,,
2025-10-13,5.409505688293814,,,,-0.6489830034587252,,
2025-10-14,5.456941502431523,,,,-1.943184409967691,,
2025-10-15,5.8744961575119214,,,,-3.976108825934632,,
2025-10-16,6.045237216010735,,,,-7.359154495424914,,
2025-10-17,5.776583966469007,,,,-8.601217079718015,,
2025-10-18,5.798757933672172,,,,-8.446418246720677,,
2025-10-19,5.400663861738697,,,,-6.044673645911303,,
2025-10-20,5.20980961450388,,,,-4.454779733662695,,
2025-10-21,5.120125947348719,,,,-6.017948614923818,,
2025-10-22,5.47635571926024,,,,-4.512654527048543,,
2025-10-23,4.956700420863647,,,,-1.7148576591892173,,
2025-10-24,4.727312013463347,,,,-2.031745611480318,,
2025-10-25,4.655204843565253,,,,2.432948674744928,,
2025-10-26,4.517978251663068,,,,4.483568833015661,,
2025-10-27,4.208545850557788,,,,4.0787753275958405,,
2025-10-28,4.019822753879709,,,,0.654844983615499,,
2025-10-29,3.99721694242936,,,,-3.753474264635137,,
2025-10-30,3.467514708879804,,,,-5.020695941645393,,
2025-10-31,2.8444241209572008,,,,-7.577874916975846,,
2025-11-01,2.543467555150558,,,,-8.65453103331263,,
2025-11-02,2.189086978124477,,,,-9.564860265724207,,
2025-11-03,1.5866582664909812,,,,-12.915949702183994,,
2025-11-04,1.3925694188549054,,,,-17.80424256721469,,
2025-11-05,1.16008071137097,,,,-16.664225331052318,,
2025-11-06,0.880732600459111,,,,-16.472780065101855,,
2025-11-07,0.4013222764838842,,,,-16.1929833098146,,
2025-11-08,0.5103519216452801,,,,-15.904223490577197,,
2025-11-09,0.2593876516787885,,,,-7.139504054551338,,
2025-11-10,0.13154613139272353,,,,-4.187532310717934,,
2025-11-11,0.3462944040031557,,,,-10.351369360153374,,
2025-11-12,0.4480247957767025,,,,-11.73230814650158,,
2025-11-13,0.16773014534905428,,,,-11.798937857422054,,
2025-11-14,-0.41527441392085196,,,,-14.598050906401472,,
2025-11-15,-0.9040213793579222,,,,-11.643905759158423,,
2025-11-16,-0.9657367465362499,,,,-11.434790844229825,,
2025-11-17,-1.1650852409139212,,,,-13.9663839187961,,
2025-11-18,-1.2950707704019182,,,,-14.43441524600162,,
2025-11-19,-1.4294389304599142,,,,-17.16888733398598,,
2025-11-20,-1.4882532681693261,,,,-20.00083658309546,,
2025-11-21,-1.8379965041724566,,,,-20.859481270540613,,
2025-11-22,-1.7389423025857886,,,,-23.018585518038172,,
2025-11-23,-1.7425232751140385,,,,-21.778220761265565,,
2025-11-24,-2.020428746606706,,,,-20.91091802708681,,
2025-11-25,-1.5164104810872492,,,,-23.733923187446848,,
2025-11-26,-1.2875023948893727,,,,-20.702932713100296,,
2025-11-27,-0.9059579907566007,,,,-19.100793677858285,,
2025-11-28,-0.826079169801075,,,,-17.3880800706845,,
2025-11-29,-0.4099128965222243,,,,-16.174274539229383,,
2025-11-30,-0.23227212329076652,,,,-17.560769509454644,,
2025-12-01,-0.3422284598346703,,,,-21.628066242741706,,
2025-12-02,-0.11434474004163864,,,,-17.42598290511691,,
2025-12-03,0.22451895647435105,,,,-12.34069698143344,,
2025-12-04,0.22498998036546425,,,,-9.280214768443907,,
2025-12-05,0.7787082633165632,,,,-14.010778825387582,,
2025-12-06,0.898982776611601,,,,-11.948419494239737,,
2025-12-07,1.0999227918114363,,,,-12.525532451034016,,
2025-12-08,1.0487707391282797,,,,-11.414587441236668,,
2025-12-09,1.343663560183761,,,,-11.500973616482957,,
2025-12-10,1.4160186077832648,,,,-13.202160942912322,,
2025-12-11,1.3787657568920642,,,,-10.232595914242903,,
2025-12-12,1.5767626505345023,,,,-11.200649809742558,,
2025-12-13,1.5886262469293921,,,,-9.481210231270277,,
2025-12-14,1.7311301422344938,,,,-6.788834386959008,,
2025-12-15,1.8612327733979583,,,,-9.586318457713405,,
2025-12-16,1.8311812028941388,,,,-6.787526267368715,,
2025-12-17,1.9429408666856718,,,,-6.476073234828894,,
2025-12-18,2.045797951268513,,,,-8.008125572889135,,
2025-12-19,1.9113977300794893,,,,-3.7332985564080934,,
2025-12-20,2.148819013736314,,,,1.989525750073029,,
2025-12-21,2.523284527780234,,,,4.145957514340237,,
2025-12-22,2.210544820609184,,,,4.579964488916288,,
2025-12-23,2.178791055979845,,,,0.7554992514108072,,
2025-12-24,2.130533459598749,,,,-0.7141109044041971,,
2025-12-25,1.520488875312287,,,,-0.16560611908258416,,
2025-12-26,1.3875816177002287,,,,-3.442000034923298,,
2025-12-27,1.0899819373058284,,,,-3.784945247632454,,
2025-12-28,0.909005415125419,,,,-3.232442923203349,,
2025-12-29,0.6736294647415653,,,,-3.9264473509742714,,
2025-12-30,0.580693434518742,,,,-2.0744909251881327,,
2025-12-31,0.5720338468444108,,,,1.5787147881794583,,
2026-01-01,0.04965491760382523,,,,-2.6718850174872744,,
